2025-04-30 00:01:19.565 +04:00 [INF] Host configured. Starting application run...
2025-04-30 00:01:19.634 +04:00 [INF] Resolved product catalog path to: C:\Pizzreia_Order_Processor\PizzeriaOrderProcessor\bin\Debug\net9.0\products.json
2025-04-30 00:01:19.639 +04:00 [INF] Loading Product Catalog...
2025-04-30 00:01:19.697 +04:00 [INF] Successfully deserialized 5 products from C:\Pizzreia_Order_Processor\PizzeriaOrderProcessor\bin\Debug\net9.0\products.json
2025-04-30 00:01:19.712 +04:00 [INF] Product catalog loaded and frozen successfully from C:\Pizzreia_Order_Processor\PizzeriaOrderProcessor\bin\Debug\net9.0\products.json. Contains 5 unique products.
2025-04-30 00:01:19.714 +04:00 [INF] Product Catalog loaded successfully.
2025-04-30 00:01:19.716 +04:00 [INF] Resolved ingredient mappings path to: C:\Pizzreia_Order_Processor\PizzeriaOrderProcessor\bin\Debug\net9.0\ingredients.json
2025-04-30 00:01:19.717 +04:00 [INF] Loading Ingredient Mappings...
2025-04-30 00:01:19.724 +04:00 [INF] Successfully deserialized 5 ingredient mappings from C:\Pizzreia_Order_Processor\PizzeriaOrderProcessor\bin\Debug\net9.0\ingredients.json
2025-04-30 00:01:19.728 +04:00 [INF] Ingredient mappings loaded and frozen successfully from C:\Pizzreia_Order_Processor\PizzeriaOrderProcessor\bin\Debug\net9.0\ingredients.json. Contains mappings for 5 unique products.
2025-04-30 00:01:19.731 +04:00 [INF] Ingredient Mappings loaded successfully.
2025-04-30 00:01:19.738 +04:00 [INF] Found 21 order JSON files to process in directory: C:\Pizzreia_Order_Processor\PizzeriaOrderProcessor\bin\Debug\net9.0\
2025-04-30 00:01:19.813 +04:00 [INF] MockQueue initialized with 20 % failure probability.
2025-04-30 00:01:19.838 +04:00 [INF] BatchQueuePusher initialized with push batch size 50.
2025-04-30 00:01:19.841 +04:00 [INF] OrderProcessingOrchestrator initialized.
2025-04-30 00:01:19.852 +04:00 [INF] Starting order batch processing for 21 file(s)...
2025-04-30 00:01:19.891 +04:00 [INF] Starting order file buffering process for 21 file(s).
2025-04-30 00:01:19.897 +04:00 [INF] Processing file: C:\Pizzreia_Order_Processor\PizzeriaOrderProcessor\bin\Debug\net9.0\order01_valid.json
2025-04-30 00:01:19.925 +04:00 [INF] Finished processing file: C:\Pizzreia_Order_Processor\PizzeriaOrderProcessor\bin\Debug\net9.0\order01_valid.json. Skipped items in this file: 0. Fatal JSON error: false
2025-04-30 00:01:19.931 +04:00 [INF] Processing file: C:\Pizzreia_Order_Processor\PizzeriaOrderProcessor\bin\Debug\net9.0\order02_invalid_address.json
2025-04-30 00:01:19.933 +04:00 [INF] Finished processing file: C:\Pizzreia_Order_Processor\PizzeriaOrderProcessor\bin\Debug\net9.0\order02_invalid_address.json. Skipped items in this file: 0. Fatal JSON error: false
2025-04-30 00:01:19.936 +04:00 [INF] Processing file: C:\Pizzreia_Order_Processor\PizzeriaOrderProcessor\bin\Debug\net9.0\order03_inconsistent.json
2025-04-30 00:01:19.939 +04:00 [INF] Finished processing file: C:\Pizzreia_Order_Processor\PizzeriaOrderProcessor\bin\Debug\net9.0\order03_inconsistent.json. Skipped items in this file: 0. Fatal JSON error: false
2025-04-30 00:01:19.945 +04:00 [INF] Processing file: C:\Pizzreia_Order_Processor\PizzeriaOrderProcessor\bin\Debug\net9.0\order04_invalid_quantity.json
2025-04-30 00:01:19.948 +04:00 [INF] Finished processing file: C:\Pizzreia_Order_Processor\PizzeriaOrderProcessor\bin\Debug\net9.0\order04_invalid_quantity.json. Skipped items in this file: 0. Fatal JSON error: false
2025-04-30 00:01:19.952 +04:00 [INF] Processing file: C:\Pizzreia_Order_Processor\PizzeriaOrderProcessor\bin\Debug\net9.0\order05_invalid_date.json
2025-04-30 00:01:19.954 +04:00 [INF] Finished processing file: C:\Pizzreia_Order_Processor\PizzeriaOrderProcessor\bin\Debug\net9.0\order05_invalid_date.json. Skipped items in this file: 0. Fatal JSON error: false
2025-04-30 00:01:19.960 +04:00 [INF] Processing file: C:\Pizzreia_Order_Processor\PizzeriaOrderProcessor\bin\Debug\net9.0\order06_product_not_found.json
2025-04-30 00:01:19.964 +04:00 [INF] Finished processing file: C:\Pizzreia_Order_Processor\PizzeriaOrderProcessor\bin\Debug\net9.0\order06_product_not_found.json. Skipped items in this file: 0. Fatal JSON error: false
2025-04-30 00:01:19.967 +04:00 [INF] Processing file: C:\Pizzreia_Order_Processor\PizzeriaOrderProcessor\bin\Debug\net9.0\order07_malformed_item.json
2025-04-30 00:01:19.977 +04:00 [ERR] Malformed JSON in C:\Pizzreia_Order_Processor\PizzeriaOrderProcessor\bin\Debug\net9.0\order07_malformed_item.json – skipping file. Error: The JSON value could not be converted to System.Int32. Path: $[1].Quantity | LineNumber: 12 | BytePositionInLine: 21.
2025-04-30 00:01:19.982 +04:00 [INF] Finished processing file: C:\Pizzreia_Order_Processor\PizzeriaOrderProcessor\bin\Debug\net9.0\order07_malformed_item.json. Skipped items in this file: 1. Fatal JSON error: false
2025-04-30 00:01:19.984 +04:00 [INF] Processing file: C:\Pizzreia_Order_Processor\PizzeriaOrderProcessor\bin\Debug\net9.0\order08_empty_item.json
2025-04-30 00:01:20.002 +04:00 [WRN] Skipping order line item with missing or invalid format OrderId ('') in file: C:\Pizzreia_Order_Processor\PizzeriaOrderProcessor\bin\Debug\net9.0\order08_empty_item.json. Data: {"OrderId":"","ProductId":"","Quantity":0,"DeliverAt":"0001-01-01T00:00:00.0000000","CreatedAt":"0001-01-01T00:00:00.0000000","CustomerAddress":"","$type":"RawOrderLineItem"}
2025-04-30 00:01:20.058 +04:00 [INF] Finished processing file: C:\Pizzreia_Order_Processor\PizzeriaOrderProcessor\bin\Debug\net9.0\order08_empty_item.json. Skipped items in this file: 1. Fatal JSON error: false
2025-04-30 00:01:20.070 +04:00 [INF] Processing file: C:\Pizzreia_Order_Processor\PizzeriaOrderProcessor\bin\Debug\net9.0\order09_min_amount_fail.json
2025-04-30 00:01:20.075 +04:00 [INF] Finished processing file: C:\Pizzreia_Order_Processor\PizzeriaOrderProcessor\bin\Debug\net9.0\order09_min_amount_fail.json. Skipped items in this file: 0. Fatal JSON error: false
2025-04-30 00:01:20.083 +04:00 [INF] Processing file: C:\Pizzreia_Order_Processor\PizzeriaOrderProcessor\bin\Debug\net9.0\order10_valid_complex.json
2025-04-30 00:01:20.089 +04:00 [INF] Finished processing file: C:\Pizzreia_Order_Processor\PizzeriaOrderProcessor\bin\Debug\net9.0\order10_valid_complex.json. Skipped items in this file: 0. Fatal JSON error: false
2025-04-30 00:01:20.154 +04:00 [INF] Processing file: C:\Pizzreia_Order_Processor\PizzeriaOrderProcessor\bin\Debug\net9.0\order11_invalid_too_early.json
2025-04-30 00:01:20.161 +04:00 [INF] Finished processing file: C:\Pizzreia_Order_Processor\PizzeriaOrderProcessor\bin\Debug\net9.0\order11_invalid_too_early.json. Skipped items in this file: 0. Fatal JSON error: false
2025-04-30 00:01:20.170 +04:00 [INF] Processing file: C:\Pizzreia_Order_Processor\PizzeriaOrderProcessor\bin\Debug\net9.0\order12_invalid_too_late.json
2025-04-30 00:01:20.174 +04:00 [INF] Finished processing file: C:\Pizzreia_Order_Processor\PizzeriaOrderProcessor\bin\Debug\net9.0\order12_invalid_too_late.json. Skipped items in this file: 0. Fatal JSON error: false
2025-04-30 00:01:20.179 +04:00 [INF] Processing file: C:\Pizzreia_Order_Processor\PizzeriaOrderProcessor\bin\Debug\net9.0\order13_invalid_prep_time.json
2025-04-30 00:01:20.184 +04:00 [INF] Finished processing file: C:\Pizzreia_Order_Processor\PizzeriaOrderProcessor\bin\Debug\net9.0\order13_invalid_prep_time.json. Skipped items in this file: 0. Fatal JSON error: false
2025-04-30 00:01:20.187 +04:00 [INF] Processing file: C:\Pizzreia_Order_Processor\PizzeriaOrderProcessor\bin\Debug\net9.0\order14_invalid_max_advance.json
2025-04-30 00:01:20.190 +04:00 [INF] Finished processing file: C:\Pizzreia_Order_Processor\PizzeriaOrderProcessor\bin\Debug\net9.0\order14_invalid_max_advance.json. Skipped items in this file: 0. Fatal JSON error: false
2025-04-30 00:01:20.194 +04:00 [INF] Processing file: C:\Pizzreia_Order_Processor\PizzeriaOrderProcessor\bin\Debug\net9.0\order15_invalid_qty_limit.json
2025-04-30 00:01:20.203 +04:00 [INF] Finished processing file: C:\Pizzreia_Order_Processor\PizzeriaOrderProcessor\bin\Debug\net9.0\order15_invalid_qty_limit.json. Skipped items in this file: 0. Fatal JSON error: false
2025-04-30 00:01:20.208 +04:00 [INF] Processing file: C:\Pizzreia_Order_Processor\PizzeriaOrderProcessor\bin\Debug\net9.0\order16_valid_edge_qty.json
2025-04-30 00:01:20.217 +04:00 [INF] Finished processing file: C:\Pizzreia_Order_Processor\PizzeriaOrderProcessor\bin\Debug\net9.0\order16_valid_edge_qty.json. Skipped items in this file: 0. Fatal JSON error: false
2025-04-30 00:01:20.220 +04:00 [INF] Processing file: C:\Pizzreia_Order_Processor\PizzeriaOrderProcessor\bin\Debug\net9.0\order17_missing_req_field.json
2025-04-30 00:01:20.223 +04:00 [INF] Finished processing file: C:\Pizzreia_Order_Processor\PizzeriaOrderProcessor\bin\Debug\net9.0\order17_missing_req_field.json. Skipped items in this file: 0. Fatal JSON error: false
2025-04-30 00:01:20.229 +04:00 [INF] Processing file: C:\Pizzreia_Order_Processor\PizzeriaOrderProcessor\bin\Debug\net9.0\order18_invalid_addr_format2.json
2025-04-30 00:01:20.240 +04:00 [INF] Finished processing file: C:\Pizzreia_Order_Processor\PizzeriaOrderProcessor\bin\Debug\net9.0\order18_invalid_addr_format2.json. Skipped items in this file: 0. Fatal JSON error: false
2025-04-30 00:01:20.279 +04:00 [INF] Processing file: C:\Pizzreia_Order_Processor\PizzeriaOrderProcessor\bin\Debug\net9.0\order19_null_field_value.json
2025-04-30 00:01:20.285 +04:00 [INF] Finished processing file: C:\Pizzreia_Order_Processor\PizzeriaOrderProcessor\bin\Debug\net9.0\order19_null_field_value.json. Skipped items in this file: 0. Fatal JSON error: false
2025-04-30 00:01:20.288 +04:00 [INF] Processing file: C:\Pizzreia_Order_Processor\PizzeriaOrderProcessor\bin\Debug\net9.0\order20_valid_vat_fallback.json
2025-04-30 00:01:20.295 +04:00 [INF] Finished processing file: C:\Pizzreia_Order_Processor\PizzeriaOrderProcessor\bin\Debug\net9.0\order20_valid_vat_fallback.json. Skipped items in this file: 0. Fatal JSON error: false
2025-04-30 00:01:20.302 +04:00 [INF] Processing file: C:\Pizzreia_Order_Processor\PizzeriaOrderProcessor\bin\Debug\net9.0\order21_valid.json
2025-04-30 00:01:20.306 +04:00 [INF] Finished processing file: C:\Pizzreia_Order_Processor\PizzeriaOrderProcessor\bin\Debug\net9.0\order21_valid.json. Skipped items in this file: 0. Fatal JSON error: false
2025-04-30 00:01:20.325 +04:00 [INF] Finished buffering all files. Buffered 20 unique OrderIds. Total skipped line items across all files: 2
2025-04-30 00:01:20.331 +04:00 [INF] [green]File buffering complete.[/] Buffered 20 unique OrderIds. Skipped 2 items.
2025-04-30 00:01:20.335 +04:00 [INF] Starting processing of 20 buffered orders...
2025-04-30 00:01:30.517 +04:00 [WRN] Order ORD-00003 failed pre-validation in file order03_inconsistent.json: Inconsistent order data: Inconsistent DeliverAt times provided (10/27/2024 11:00:00 AM vs 10/27/2024 11:30:00 AM).
2025-04-30 00:01:35.525 +04:00 [WRN] Order ORD-00004 failed pre-validation in file order04_invalid_quantity.json: Invalid items: Line item for ProductId 'PRD-10004' has non-positive quantity (0) for Order ORD-00004.
2025-04-30 00:01:45.558 +04:00 [WRN] Order ORD-00006 failed pre-validation in file order06_product_not_found.json: Invalid items: ProductId 'PRD-99999' not found in Product Catalog for Order ORD-00006.
2025-04-30 00:02:35.641 +04:00 [WRN] Cancellation requested during order processing.
2025-04-30 00:02:35.643 +04:00 [INF] [green]Order processing complete.[/] Valid: 0, Invalid: 15
2025-04-30 00:02:35.645 +04:00 [WRN] Cancellation requested after order processing.
2025-04-30 00:02:35.652 +04:00 [INF] Skipping ingredient aggregation as there are no valid orders.
2025-04-30 00:02:35.653 +04:00 [INF] Batch processing finished in 75,801 ms.
2025-04-30 00:02:35.654 +04:00 [INF] Displaying final summary...
2025-04-30 17:34:47.328 +04:00 [INF] Host configured. Starting application run...
2025-04-30 17:34:47.383 +04:00 [INF] Resolved product catalog path to: C:\Pizzreia_Order_Processor\PizzeriaOrderProcessor\bin\Debug\net9.0\products.json
2025-04-30 17:34:47.388 +04:00 [INF] Loading Product Catalog...
2025-04-30 17:34:47.441 +04:00 [INF] Successfully deserialized 5 products from C:\Pizzreia_Order_Processor\PizzeriaOrderProcessor\bin\Debug\net9.0\products.json
2025-04-30 17:34:47.466 +04:00 [INF] Product catalog loaded and frozen successfully from C:\Pizzreia_Order_Processor\PizzeriaOrderProcessor\bin\Debug\net9.0\products.json. Contains 5 unique products.
2025-04-30 17:34:47.468 +04:00 [INF] Product Catalog loaded successfully.
2025-04-30 17:34:47.470 +04:00 [INF] Resolved ingredient mappings path to: C:\Pizzreia_Order_Processor\PizzeriaOrderProcessor\bin\Debug\net9.0\ingredients.json
2025-04-30 17:34:47.473 +04:00 [INF] Loading Ingredient Mappings...
2025-04-30 17:34:47.482 +04:00 [INF] Successfully deserialized 5 ingredient mappings from C:\Pizzreia_Order_Processor\PizzeriaOrderProcessor\bin\Debug\net9.0\ingredients.json
2025-04-30 17:34:47.487 +04:00 [INF] Ingredient mappings loaded and frozen successfully from C:\Pizzreia_Order_Processor\PizzeriaOrderProcessor\bin\Debug\net9.0\ingredients.json. Contains mappings for 5 unique products.
2025-04-30 17:34:47.490 +04:00 [INF] Ingredient Mappings loaded successfully.
2025-04-30 17:34:47.492 +04:00 [INF] Found 22 order JSON files to process in directory: C:\Pizzreia_Order_Processor\PizzeriaOrderProcessor\bin\Debug\net9.0\
2025-04-30 17:34:47.563 +04:00 [INF] MockQueue initialized with 20 % failure probability.
2025-04-30 17:34:47.579 +04:00 [INF] BatchQueuePusher initialized with push batch size 50.
2025-04-30 17:34:47.583 +04:00 [INF] OrderProcessingOrchestrator initialized.
2025-04-30 17:34:47.590 +04:00 [INF] Starting order batch processing for 22 file(s)...
2025-04-30 17:34:47.597 +04:00 [INF] 1. Buffering order files... 0%
2025-04-30 17:34:47.602 +04:00 [INF] Starting order file buffering process for 22 file(s).
2025-04-30 17:34:47.608 +04:00 [INF] Processing file: C:\Pizzreia_Order_Processor\PizzeriaOrderProcessor\bin\Debug\net9.0\order01_oldOrder.json
2025-04-30 17:34:47.631 +04:00 [INF] Finished processing file: C:\Pizzreia_Order_Processor\PizzeriaOrderProcessor\bin\Debug\net9.0\order01_oldOrder.json. Skipped items in this file: 0. Fatal JSON error: false
2025-04-30 17:34:47.637 +04:00 [INF] Processing file: C:\Pizzreia_Order_Processor\PizzeriaOrderProcessor\bin\Debug\net9.0\order02_invalid_address.json
2025-04-30 17:34:47.642 +04:00 [INF] Finished processing file: C:\Pizzreia_Order_Processor\PizzeriaOrderProcessor\bin\Debug\net9.0\order02_invalid_address.json. Skipped items in this file: 0. Fatal JSON error: false
2025-04-30 17:34:47.644 +04:00 [INF] Processing file: C:\Pizzreia_Order_Processor\PizzeriaOrderProcessor\bin\Debug\net9.0\order03_inconsistent.json
2025-04-30 17:34:47.647 +04:00 [INF] Finished processing file: C:\Pizzreia_Order_Processor\PizzeriaOrderProcessor\bin\Debug\net9.0\order03_inconsistent.json. Skipped items in this file: 0. Fatal JSON error: false
2025-04-30 17:34:47.650 +04:00 [INF] Processing file: C:\Pizzreia_Order_Processor\PizzeriaOrderProcessor\bin\Debug\net9.0\order04_invalid_quantity.json
2025-04-30 17:34:47.654 +04:00 [INF] Finished processing file: C:\Pizzreia_Order_Processor\PizzeriaOrderProcessor\bin\Debug\net9.0\order04_invalid_quantity.json. Skipped items in this file: 0. Fatal JSON error: false
2025-04-30 17:34:47.664 +04:00 [INF] Processing file: C:\Pizzreia_Order_Processor\PizzeriaOrderProcessor\bin\Debug\net9.0\order05_invalid_date.json
2025-04-30 17:34:47.668 +04:00 [INF] Finished processing file: C:\Pizzreia_Order_Processor\PizzeriaOrderProcessor\bin\Debug\net9.0\order05_invalid_date.json. Skipped items in this file: 0. Fatal JSON error: false
2025-04-30 17:34:47.675 +04:00 [INF] Processing file: C:\Pizzreia_Order_Processor\PizzeriaOrderProcessor\bin\Debug\net9.0\order06_product_not_found.json
2025-04-30 17:34:47.678 +04:00 [INF] Finished processing file: C:\Pizzreia_Order_Processor\PizzeriaOrderProcessor\bin\Debug\net9.0\order06_product_not_found.json. Skipped items in this file: 0. Fatal JSON error: false
2025-04-30 17:34:47.681 +04:00 [INF] Processing file: C:\Pizzreia_Order_Processor\PizzeriaOrderProcessor\bin\Debug\net9.0\order07_malformed_item.json
2025-04-30 17:34:47.691 +04:00 [ERR] Malformed JSON in C:\Pizzreia_Order_Processor\PizzeriaOrderProcessor\bin\Debug\net9.0\order07_malformed_item.json – skipping file.
System.Text.Json.JsonException: The JSON value could not be converted to System.Int32. Path: $[1].Quantity | LineNumber: 12 | BytePositionInLine: 21.
 ---> System.InvalidOperationException: Cannot get the value of a token type 'String' as a number.
   at System.Text.Json.ThrowHelper.ThrowInvalidOperationException_ExpectedNumber(JsonTokenType tokenType)
   at System.Text.Json.Utf8JsonReader.TryGetInt32(Int32& value)
   at System.Text.Json.Serialization.Metadata.JsonPropertyInfo`1.ReadJsonAndSetMember(Object obj, ReadStack& state, Utf8JsonReader& reader)
   at System.Text.Json.Serialization.Converters.ObjectDefaultConverter`1.OnTryRead(Utf8JsonReader& reader, Type typeToConvert, JsonSerializerOptions options, ReadStack& state, T& value)
   at System.Text.Json.Serialization.JsonConverter`1.TryRead(Utf8JsonReader& reader, Type typeToConvert, JsonSerializerOptions options, ReadStack& state, T& value, Boolean& isPopulatedValue)
   at System.Text.Json.Serialization.JsonCollectionConverter`2.OnTryRead(Utf8JsonReader& reader, Type typeToConvert, JsonSerializerOptions options, ReadStack& state, TCollection& value)
   at System.Text.Json.Serialization.JsonConverter`1.TryRead(Utf8JsonReader& reader, Type typeToConvert, JsonSerializerOptions options, ReadStack& state, T& value, Boolean& isPopulatedValue)
   at System.Text.Json.Serialization.JsonConverter`1.ReadCore(Utf8JsonReader& reader, T& value, JsonSerializerOptions options, ReadStack& state)
   --- End of inner exception stack trace ---
   at System.Text.Json.ThrowHelper.ReThrowWithPath(ReadStack& state, Utf8JsonReader& reader, Exception ex)
   at System.Text.Json.Serialization.JsonConverter`1.ReadCore(Utf8JsonReader& reader, T& value, JsonSerializerOptions options, ReadStack& state)
   at System.Text.Json.Serialization.Metadata.JsonTypeInfo`1.ContinueDeserialize(ReadBufferState& bufferState, JsonReaderState& jsonReaderState, ReadStack& readStack, T& value)
   at System.Text.Json.JsonSerializer.<DeserializeAsyncEnumerableCore>g__CreateAsyncEnumerableFromArray|92_0[T](Stream utf8Json, JsonTypeInfo`1 listTypeInfo, JsonReaderOptions readerOptions, CancellationToken cancellationToken)+MoveNext()
   at PizzeriaOrderProcessor.Services.OrderBatchProcessor.ProcessSingleFileAsync(String filePath, Dictionary`2 orderLineBuffer, CancellationToken cancellationToken) in C:\Pizzreia_Order_Processor\PizzeriaOrderProcessor\Services\OrderBatchProcessor.cs:line 66
   at PizzeriaOrderProcessor.Services.OrderBatchProcessor.ProcessSingleFileAsync(String filePath, Dictionary`2 orderLineBuffer, CancellationToken cancellationToken) in C:\Pizzreia_Order_Processor\PizzeriaOrderProcessor\Services\OrderBatchProcessor.cs:line 66
   at PizzeriaOrderProcessor.Services.OrderBatchProcessor.ProcessSingleFileAsync(String filePath, Dictionary`2 orderLineBuffer, CancellationToken cancellationToken) in C:\Pizzreia_Order_Processor\PizzeriaOrderProcessor\Services\OrderBatchProcessor.cs:line 66
2025-04-30 17:34:47.735 +04:00 [INF] Finished processing file: C:\Pizzreia_Order_Processor\PizzeriaOrderProcessor\bin\Debug\net9.0\order07_malformed_item.json. Skipped items in this file: 1. Fatal JSON error: false
2025-04-30 17:34:47.752 +04:00 [INF] Processing file: C:\Pizzreia_Order_Processor\PizzeriaOrderProcessor\bin\Debug\net9.0\order08_empty_item.json
2025-04-30 17:34:47.767 +04:00 [WRN] Skipping order line item with missing or invalid format OrderId ('') in file: C:\Pizzreia_Order_Processor\PizzeriaOrderProcessor\bin\Debug\net9.0\order08_empty_item.json. Data: {"OrderId":"","ProductId":"","Quantity":0,"DeliverAt":"0001-01-01T00:00:00.0000000","CreatedAt":"0001-01-01T00:00:00.0000000","CustomerAddress":"","$type":"RawOrderLineItem"}
2025-04-30 17:34:47.790 +04:00 [INF] Finished processing file: C:\Pizzreia_Order_Processor\PizzeriaOrderProcessor\bin\Debug\net9.0\order08_empty_item.json. Skipped items in this file: 1. Fatal JSON error: false
2025-04-30 17:34:47.799 +04:00 [INF] Processing file: C:\Pizzreia_Order_Processor\PizzeriaOrderProcessor\bin\Debug\net9.0\order09_min_amount_fail.json
2025-04-30 17:34:47.802 +04:00 [INF] Finished processing file: C:\Pizzreia_Order_Processor\PizzeriaOrderProcessor\bin\Debug\net9.0\order09_min_amount_fail.json. Skipped items in this file: 0. Fatal JSON error: false
2025-04-30 17:34:47.804 +04:00 [INF] Processing file: C:\Pizzreia_Order_Processor\PizzeriaOrderProcessor\bin\Debug\net9.0\order10_valid_complex.json
2025-04-30 17:34:47.814 +04:00 [INF] Finished processing file: C:\Pizzreia_Order_Processor\PizzeriaOrderProcessor\bin\Debug\net9.0\order10_valid_complex.json. Skipped items in this file: 0. Fatal JSON error: false
2025-04-30 17:34:47.817 +04:00 [INF] Processing file: C:\Pizzreia_Order_Processor\PizzeriaOrderProcessor\bin\Debug\net9.0\order11_invalid_too_early.json
2025-04-30 17:34:47.820 +04:00 [INF] Finished processing file: C:\Pizzreia_Order_Processor\PizzeriaOrderProcessor\bin\Debug\net9.0\order11_invalid_too_early.json. Skipped items in this file: 0. Fatal JSON error: false
2025-04-30 17:34:47.831 +04:00 [INF] Processing file: C:\Pizzreia_Order_Processor\PizzeriaOrderProcessor\bin\Debug\net9.0\order12_invalid_too_late.json
2025-04-30 17:34:47.835 +04:00 [INF] Finished processing file: C:\Pizzreia_Order_Processor\PizzeriaOrderProcessor\bin\Debug\net9.0\order12_invalid_too_late.json. Skipped items in this file: 0. Fatal JSON error: false
2025-04-30 17:34:47.842 +04:00 [INF] Processing file: C:\Pizzreia_Order_Processor\PizzeriaOrderProcessor\bin\Debug\net9.0\order13_invalid_prep_time.json
2025-04-30 17:34:47.849 +04:00 [INF] Finished processing file: C:\Pizzreia_Order_Processor\PizzeriaOrderProcessor\bin\Debug\net9.0\order13_invalid_prep_time.json. Skipped items in this file: 0. Fatal JSON error: false
2025-04-30 17:34:47.854 +04:00 [INF] Processing file: C:\Pizzreia_Order_Processor\PizzeriaOrderProcessor\bin\Debug\net9.0\order14_invalid_max_advance.json
2025-04-30 17:34:47.865 +04:00 [INF] Finished processing file: C:\Pizzreia_Order_Processor\PizzeriaOrderProcessor\bin\Debug\net9.0\order14_invalid_max_advance.json. Skipped items in this file: 0. Fatal JSON error: false
2025-04-30 17:34:47.870 +04:00 [INF] Processing file: C:\Pizzreia_Order_Processor\PizzeriaOrderProcessor\bin\Debug\net9.0\order15_invalid_qty_limit.json
2025-04-30 17:34:47.875 +04:00 [INF] Finished processing file: C:\Pizzreia_Order_Processor\PizzeriaOrderProcessor\bin\Debug\net9.0\order15_invalid_qty_limit.json. Skipped items in this file: 0. Fatal JSON error: false
2025-04-30 17:34:47.882 +04:00 [INF] Processing file: C:\Pizzreia_Order_Processor\PizzeriaOrderProcessor\bin\Debug\net9.0\order16_valid_edge_qty.json
2025-04-30 17:34:47.885 +04:00 [INF] Finished processing file: C:\Pizzreia_Order_Processor\PizzeriaOrderProcessor\bin\Debug\net9.0\order16_valid_edge_qty.json. Skipped items in this file: 0. Fatal JSON error: false
2025-04-30 17:34:47.887 +04:00 [INF] Processing file: C:\Pizzreia_Order_Processor\PizzeriaOrderProcessor\bin\Debug\net9.0\order17_missing_req_field.json
2025-04-30 17:34:47.897 +04:00 [INF] Finished processing file: C:\Pizzreia_Order_Processor\PizzeriaOrderProcessor\bin\Debug\net9.0\order17_missing_req_field.json. Skipped items in this file: 0. Fatal JSON error: false
2025-04-30 17:34:47.902 +04:00 [INF] Processing file: C:\Pizzreia_Order_Processor\PizzeriaOrderProcessor\bin\Debug\net9.0\order18_invalid_addr_format2.json
2025-04-30 17:34:47.905 +04:00 [INF] Finished processing file: C:\Pizzreia_Order_Processor\PizzeriaOrderProcessor\bin\Debug\net9.0\order18_invalid_addr_format2.json. Skipped items in this file: 0. Fatal JSON error: false
2025-04-30 17:34:47.911 +04:00 [INF] Processing file: C:\Pizzreia_Order_Processor\PizzeriaOrderProcessor\bin\Debug\net9.0\order19_null_field_value.json
2025-04-30 17:34:47.914 +04:00 [INF] Finished processing file: C:\Pizzreia_Order_Processor\PizzeriaOrderProcessor\bin\Debug\net9.0\order19_null_field_value.json. Skipped items in this file: 0. Fatal JSON error: false
2025-04-30 17:34:47.916 +04:00 [INF] Processing file: C:\Pizzreia_Order_Processor\PizzeriaOrderProcessor\bin\Debug\net9.0\order20_valid_vat_fallback.json
2025-04-30 17:34:47.918 +04:00 [INF] Finished processing file: C:\Pizzreia_Order_Processor\PizzeriaOrderProcessor\bin\Debug\net9.0\order20_valid_vat_fallback.json. Skipped items in this file: 0. Fatal JSON error: false
2025-04-30 17:34:47.921 +04:00 [INF] Processing file: C:\Pizzreia_Order_Processor\PizzeriaOrderProcessor\bin\Debug\net9.0\order21_valid.json
2025-04-30 17:34:47.926 +04:00 [INF] Finished processing file: C:\Pizzreia_Order_Processor\PizzeriaOrderProcessor\bin\Debug\net9.0\order21_valid.json. Skipped items in this file: 0. Fatal JSON error: false
2025-04-30 17:34:47.929 +04:00 [INF] Processing file: C:\Pizzreia_Order_Processor\PizzeriaOrderProcessor\bin\Debug\net9.0\order22_MultipleOrders.json
2025-04-30 17:34:47.933 +04:00 [WRN] Skipping order line item with missing or invalid format ProductId ('null') in file: C:\Pizzreia_Order_Processor\PizzeriaOrderProcessor\bin\Debug\net9.0\order22_MultipleOrders.json. Data: {"OrderId":"ORD-00036","ProductId":null,"Quantity":1,"DeliverAt":"2025-05-01T10:40:00.0000000Z","CreatedAt":"2025-05-01T10:00:00.0000000Z","CustomerAddress":"123 Main Street, Anytown, CA 90210","$type":"RawOrderLineItem"}
2025-04-30 17:34:47.947 +04:00 [WRN] Skipping order line item with missing or invalid format OrderId ('null') in file: C:\Pizzreia_Order_Processor\PizzeriaOrderProcessor\bin\Debug\net9.0\order22_MultipleOrders.json. Data: {"OrderId":null,"ProductId":"PRD-10001","Quantity":1,"DeliverAt":"2025-05-01T10:40:00.0000000Z","CreatedAt":"2025-05-01T10:00:00.0000000Z","CustomerAddress":"123 Main Street, Anytown, CA 90210","$type":"RawOrderLineItem"}
2025-04-30 17:34:47.959 +04:00 [INF] Finished processing file: C:\Pizzreia_Order_Processor\PizzeriaOrderProcessor\bin\Debug\net9.0\order22_MultipleOrders.json. Skipped items in this file: 2. Fatal JSON error: false
2025-04-30 17:34:47.963 +04:00 [INF] Finished buffering all files. Buffered 39 unique OrderIds. Total skipped line items across all files: 4
2025-04-30 17:34:47.967 +04:00 [INF] 1. Buffering order files... 100%
2025-04-30 17:34:47.968 +04:00 [INF] File buffering complete. Buffered 39 unique OrderIds. Skipped 4 items.
2025-04-30 17:34:47.978 +04:00 [INF] Starting processing of 39 buffered orders...
2025-04-30 17:34:47.980 +04:00 [INF] 2. Processing buffered orders... 0.0%
2025-04-30 17:34:48.068 +04:00 [INF] 2. Processing buffered orders... 2.6% complete.
2025-04-30 17:34:48.071 +04:00 [INF] 2. Processing buffered orders... 5.1% complete.
2025-04-30 17:34:48.080 +04:00 [WRN] Order ORD-00003 failed pre-validation in file order03_inconsistent.json: Inconsistent order data: Order ORD-00003: Inconsistent DeliverAt times for product PRD-10001 (10/27/2024 11:00:00 AM) vs product PRD-10003 (10/27/2024 11:30:00 AM).
2025-04-30 17:34:48.082 +04:00 [INF] 2. Processing buffered orders... 7.7% complete.
2025-04-30 17:34:48.084 +04:00 [WRN] Order ORD-00004 failed pre-validation in file order04_invalid_quantity.json: Invalid items: Line item for ProductId 'PRD-10004' has a quantity of (0) for Order ORD-00004.
2025-04-30 17:34:48.086 +04:00 [INF] 2. Processing buffered orders... 10.3% complete.
2025-04-30 17:34:48.096 +04:00 [INF] 2. Processing buffered orders... 12.8% complete.
2025-04-30 17:34:48.097 +04:00 [WRN] Order ORD-00006 failed pre-validation in file order06_product_not_found.json: Invalid items: ProductId 'PRD-99999' not found in Product Catalog for Order ORD-00006.
2025-04-30 17:34:48.100 +04:00 [INF] 2. Processing buffered orders... 15.4% complete.
2025-04-30 17:34:48.102 +04:00 [INF] 2. Processing buffered orders... 17.9% complete.
2025-04-30 17:34:48.113 +04:00 [INF] 2. Processing buffered orders... 20.5% complete.
2025-04-30 17:34:48.115 +04:00 [INF] 2. Processing buffered orders... 23.1% complete.
2025-04-30 17:34:48.119 +04:00 [INF] 2. Processing buffered orders... 25.6% complete.
2025-04-30 17:34:48.121 +04:00 [INF] 2. Processing buffered orders... 28.2% complete.
2025-04-30 17:34:48.131 +04:00 [INF] 2. Processing buffered orders... 30.8% complete.
2025-04-30 17:34:48.133 +04:00 [INF] 2. Processing buffered orders... 33.3% complete.
2025-04-30 17:34:48.136 +04:00 [INF] 2. Processing buffered orders... 35.9% complete.
2025-04-30 17:34:48.284 +04:00 [INF] 2. Processing buffered orders... 38.5% complete.
2025-04-30 17:34:48.454 +04:00 [WRN] Order ORD-00017 failed pre-validation in file order17_missing_req_field.json: Invalid items: Line item for ProductId 'PRD-10002' has a quantity of (0) for Order ORD-00017.
2025-04-30 17:34:48.464 +04:00 [INF] 2. Processing buffered orders... 41.0% complete.
2025-04-30 17:34:48.466 +04:00 [INF] 2. Processing buffered orders... 43.6% complete.
2025-04-30 17:34:48.469 +04:00 [INF] 2. Processing buffered orders... 46.2% complete.
2025-04-30 17:34:48.471 +04:00 [INF] 2. Processing buffered orders... 48.7% complete.
2025-04-30 17:34:48.481 +04:00 [INF] 2. Processing buffered orders... 51.3% complete.
2025-04-30 17:34:48.484 +04:00 [INF] 2. Processing buffered orders... 53.8% complete.
2025-04-30 17:34:48.486 +04:00 [INF] 2. Processing buffered orders... 56.4% complete.
2025-04-30 17:34:48.488 +04:00 [INF] 2. Processing buffered orders... 59.0% complete.
2025-04-30 17:34:48.493 +04:00 [INF] 2. Processing buffered orders... 61.5% complete.
2025-04-30 17:34:48.497 +04:00 [INF] 2. Processing buffered orders... 64.1% complete.
2025-04-30 17:34:48.499 +04:00 [INF] 2. Processing buffered orders... 66.7% complete.
2025-04-30 17:34:48.501 +04:00 [INF] 2. Processing buffered orders... 69.2% complete.
2025-04-30 17:34:48.502 +04:00 [INF] 2. Processing buffered orders... 71.8% complete.
2025-04-30 17:34:48.504 +04:00 [INF] 2. Processing buffered orders... 74.4% complete.
2025-04-30 17:34:48.507 +04:00 [WRN] Order ORD-00026 failed pre-validation in file order22_MultipleOrders.json: Invalid items: Line item for ProductId 'PRD-10002' has a quantity of (0) for Order ORD-00026.
2025-04-30 17:34:48.514 +04:00 [INF] 2. Processing buffered orders... 76.9% complete.
2025-04-30 17:34:48.517 +04:00 [WRN] Order ORD-00027 failed pre-validation in file order22_MultipleOrders.json: Invalid items: ProductId 'PRD-99999' not found in Product Catalog for Order ORD-00027.
2025-04-30 17:34:48.521 +04:00 [INF] 2. Processing buffered orders... 79.5% complete.
2025-04-30 17:34:48.529 +04:00 [INF] 2. Processing buffered orders... 82.1% complete.
2025-04-30 17:34:48.533 +04:00 [INF] 2. Processing buffered orders... 84.6% complete.
2025-04-30 17:34:48.535 +04:00 [INF] 2. Processing buffered orders... 87.2% complete.
2025-04-30 17:34:48.537 +04:00 [INF] 2. Processing buffered orders... 89.7% complete.
2025-04-30 17:34:48.541 +04:00 [INF] 2. Processing buffered orders... 92.3% complete.
2025-04-30 17:34:48.545 +04:00 [INF] 2. Processing buffered orders... 94.9% complete.
2025-04-30 17:34:48.546 +04:00 [INF] 2. Processing buffered orders... 97.4% complete.
2025-04-30 17:34:48.548 +04:00 [INF] 2. Processing buffered orders... 100.0% complete.
2025-04-30 17:34:48.549 +04:00 [INF] Order processing phase complete.
2025-04-30 17:34:48.552 +04:00 [INF] Starting push of 11 valid orders to queue in 1 batches...
2025-04-30 17:34:48.558 +04:00 [INF] Starting to push 11 valid orders to queue in batches of 50.
2025-04-30 17:34:48.562 +04:00 [INF] Attempting to push sub-batch 1/1 (11 orders: ORD-00021 to ORD-00033)...
2025-04-30 17:34:48.672 +04:00 [INF] Successfully pushed sub-batch 1 (ORD-00021 to ORD-00033). Total pushed so far: 11
2025-04-30 17:34:48.677 +04:00 [INF] Finished attempting to push all orders. Total pushed: 11/11. Failed sub-batches: 0.
2025-04-30 17:34:48.679 +04:00 [INF] Queue push attempts complete.
2025-04-30 17:34:48.681 +04:00 [INF] Aggregating ingredients for 11 valid orders...
2025-04-30 17:34:48.683 +04:00 [INF] Starting ingredient aggregation for 11 valid orders.
2025-04-30 17:34:48.687 +04:00 [INF] Finished ingredient aggregation. Found 7 unique ingredients.
2025-04-30 17:34:48.692 +04:00 [INF] Ingredient aggregation complete. Found 7 unique ingredients.
2025-04-30 17:34:48.694 +04:00 [INF] Batch processing finished in 1,104 ms.
2025-04-30 17:34:48.695 +04:00 [INF] Displaying final summary...
2025-04-30 17:34:48.698 +04:00 [INF] ==============================================================
2025-04-30 17:34:48.699 +04:00 [INF] BATCH PROCESSING SUMMARY
2025-04-30 17:34:48.701 +04:00 [INF] ==============================================================
2025-04-30 17:34:48.702 +04:00 [INF] 
2025-04-30 17:34:48.704 +04:00 [INF] SUMMARY STATISTICS
2025-04-30 17:34:48.709 +04:00 [INF]   Total Orders Processed: 39
2025-04-30 17:34:48.711 +04:00 [INF]   Valid Orders: 11
2025-04-30 17:34:48.712 +04:00 [INF]   Invalid Orders: 28
2025-04-30 17:34:48.714 +04:00 [INF]   Skipped Line Items: 4
2025-04-30 17:34:48.715 +04:00 [INF] 
2025-04-30 17:34:48.717 +04:00 [INF] ==============================================================
2025-04-30 17:34:48.718 +04:00 [INF] VALID ORDERS (11)
2025-04-30 17:34:48.720 +04:00 [INF] ==============================================================
2025-04-30 17:34:48.723 +04:00 [INF]   Order ID: ORD-00021
2025-04-30 17:34:48.725 +04:00 [INF]   Source File: order21_valid.json
2025-04-30 17:34:48.727 +04:00 [INF]   Total Amount: 14.07 AED
2025-04-30 17:34:48.729 +04:00 [INF]   Items: 2
2025-04-30 17:34:48.731 +04:00 [INF]     * 1 × Margherita
2025-04-30 17:34:48.732 +04:00 [INF]     * 2 × Coke
2025-04-30 17:34:48.733 +04:00 [INF]   Delivery Time: 2025-04-30 16:30:00
2025-04-30 17:34:48.734 +04:00 [INF] --------------------------------------------------------------
2025-04-30 17:34:48.735 +04:00 [INF]   Order ID: ORD-00022
2025-04-30 17:34:48.736 +04:00 [INF]   Source File: order22_MultipleOrders.json
2025-04-30 17:34:48.737 +04:00 [INF]   Total Amount: 14.07 AED
2025-04-30 17:34:48.742 +04:00 [INF]   Items: 2
2025-04-30 17:34:48.744 +04:00 [INF]     * 1 × Margherita
2025-04-30 17:34:48.746 +04:00 [INF]     * 2 × Coke
2025-04-30 17:34:48.748 +04:00 [INF]   Delivery Time: 2025-05-01 10:40:00
2025-04-30 17:34:48.750 +04:00 [INF] --------------------------------------------------------------
2025-04-30 17:34:48.751 +04:00 [INF]   Order ID: ORD-00024
2025-04-30 17:34:48.752 +04:00 [INF]   Source File: order22_MultipleOrders.json
2025-04-30 17:34:48.753 +04:00 [INF]   Total Amount: 12.31 AED
2025-04-30 17:34:48.754 +04:00 [INF]   Items: 1
2025-04-30 17:34:48.755 +04:00 [INF]     * 1 × Pepperoni
2025-04-30 17:34:48.761 +04:00 [INF]   Delivery Time: 2025-05-01 10:40:00
2025-04-30 17:34:48.763 +04:00 [INF] --------------------------------------------------------------
2025-04-30 17:34:48.765 +04:00 [INF]   Order ID: ORD-00025
2025-04-30 17:34:48.766 +04:00 [INF]   Source File: order22_MultipleOrders.json
2025-04-30 17:34:48.768 +04:00 [INF]   Total Amount: 15.17 AED
2025-04-30 17:34:48.770 +04:00 [INF]   Items: 2
2025-04-30 17:34:48.774 +04:00 [INF]     * 1 × Veggie
2025-04-30 17:34:48.778 +04:00 [INF]     * 2 × Coke
2025-04-30 17:34:48.780 +04:00 [INF]   Delivery Time: 2025-05-01 10:40:00
2025-04-30 17:34:48.782 +04:00 [INF] --------------------------------------------------------------
2025-04-30 17:34:48.783 +04:00 [INF]   Order ID: ORD-00029
2025-04-30 17:34:48.785 +04:00 [INF]   Source File: order22_MultipleOrders.json
2025-04-30 17:34:48.786 +04:00 [INF]   Total Amount: 22.20 AED
2025-04-30 17:34:48.791 +04:00 [INF]   Items: 2
2025-04-30 17:34:48.793 +04:00 [INF]     * 1 × Margherita
2025-04-30 17:34:48.795 +04:00 [INF]     * 1 × Pepperoni
2025-04-30 17:34:48.797 +04:00 [INF]   Delivery Time: 2025-05-01 10:40:00
2025-04-30 17:34:48.798 +04:00 [INF] --------------------------------------------------------------
2025-04-30 17:34:48.799 +04:00 [INF]   Order ID: ORD-00033
2025-04-30 17:34:48.800 +04:00 [INF]   Source File: order22_MultipleOrders.json
2025-04-30 17:34:48.801 +04:00 [INF]   Total Amount: 22.20 AED
2025-04-30 17:34:48.802 +04:00 [INF]   Items: 2
2025-04-30 17:34:48.804 +04:00 [INF]     * 1 × Margherita
2025-04-30 17:34:48.808 +04:00 [INF]     * 1 × Pepperoni
2025-04-30 17:34:48.810 +04:00 [INF]   Delivery Time: 2025-05-01 10:40:00
2025-04-30 17:34:48.811 +04:00 [INF] --------------------------------------------------------------
2025-04-30 17:34:48.812 +04:00 [INF]   Order ID: ORD-00040
2025-04-30 17:34:48.813 +04:00 [INF]   Source File: order21_valid.json
2025-04-30 17:34:48.814 +04:00 [INF]   Total Amount: 22.20 AED
2025-04-30 17:34:48.816 +04:00 [INF]   Items: 2
2025-04-30 17:34:48.817 +04:00 [INF]     * 1 × Pepperoni
2025-04-30 17:34:48.818 +04:00 [INF]     * 1 × Margherita
2025-04-30 17:34:48.819 +04:00 [INF]   Delivery Time: 2025-04-30 16:30:00
2025-04-30 17:34:48.820 +04:00 [INF] --------------------------------------------------------------
2025-04-30 17:34:48.825 +04:00 [INF]   Order ID: ORD-00041
2025-04-30 17:34:48.826 +04:00 [INF]   Source File: order21_valid.json
2025-04-30 17:34:48.828 +04:00 [INF]   Total Amount: 15.17 AED
2025-04-30 17:34:48.829 +04:00 [INF]   Items: 2
2025-04-30 17:34:48.830 +04:00 [INF]     * 1 × Veggie
2025-04-30 17:34:48.832 +04:00 [INF]     * 2 × Coke
2025-04-30 17:34:48.833 +04:00 [INF]   Delivery Time: 2025-04-30 16:45:00
2025-04-30 17:34:48.834 +04:00 [INF] --------------------------------------------------------------
2025-04-30 17:34:48.835 +04:00 [INF]   Order ID: ORD-00042
2025-04-30 17:34:48.836 +04:00 [INF]   Source File: order21_valid.json
2025-04-30 17:34:48.837 +04:00 [INF]   Total Amount: 23.30 AED
2025-04-30 17:34:48.841 +04:00 [INF]   Items: 2
2025-04-30 17:34:48.843 +04:00 [INF]     * 1 × Pepperoni
2025-04-30 17:34:48.844 +04:00 [INF]     * 1 × Veggie
2025-04-30 17:34:48.846 +04:00 [INF]   Delivery Time: 2025-04-30 16:45:00
2025-04-30 17:34:48.847 +04:00 [INF] --------------------------------------------------------------
2025-04-30 17:34:48.848 +04:00 [INF]   Order ID: ORD-00043
2025-04-30 17:34:48.849 +04:00 [INF]   Source File: order21_valid.json
2025-04-30 17:34:48.850 +04:00 [INF]   Total Amount: 21.87 AED
2025-04-30 17:34:48.851 +04:00 [INF]   Items: 2
2025-04-30 17:34:48.852 +04:00 [INF]     * 2 × Margherita
2025-04-30 17:34:48.854 +04:00 [INF]     * 1 × Coke
2025-04-30 17:34:48.855 +04:00 [INF]   Delivery Time: 2025-04-30 17:00:00
2025-04-30 17:34:48.861 +04:00 [INF] --------------------------------------------------------------
2025-04-30 17:34:48.862 +04:00 [INF]   Order ID: ORD-00044
2025-04-30 17:34:48.863 +04:00 [INF]   Source File: order21_valid.json
2025-04-30 17:34:48.864 +04:00 [INF]   Total Amount: 22.21 AED
2025-04-30 17:34:48.866 +04:00 [INF]   Items: 2
2025-04-30 17:34:48.867 +04:00 [INF]     * 1 × Pepperoni
2025-04-30 17:34:48.868 +04:00 [INF]     * 10 × Water
2025-04-30 17:34:48.869 +04:00 [INF]   Delivery Time: 2025-04-30 17:00:00
2025-04-30 17:34:48.870 +04:00 [INF] --------------------------------------------------------------
2025-04-30 17:34:48.875 +04:00 [INF] 
2025-04-30 17:34:48.878 +04:00 [INF] ==============================================================
2025-04-30 17:34:48.878 +04:00 [INF] INVALID ORDERS (28)
2025-04-30 17:34:48.880 +04:00 [INF] ==============================================================
2025-04-30 17:34:48.882 +04:00 [INF]   Order ID: ORD-00001 (Source: order01_oldOrder.json)
2025-04-30 17:34:48.883 +04:00 [INF]   Validation Errors:
2025-04-30 17:34:48.886 +04:00 [INF]     * DeliverAt: Delivery time (2024-10-27T11:30:00.0000000Z) must be at least 40 minutes from current time (2025-04-30T13:34:48.0549480+00:00). Earliest allowed: 2025-04-30T14:14:48.0549480+00:00.
2025-04-30 17:34:48.887 +04:00 [INF] --------------------------------------------------------------
2025-04-30 17:34:48.891 +04:00 [INF]   Order ID: ORD-00002 (Source: order02_invalid_address.json)
2025-04-30 17:34:48.893 +04:00 [INF]   Validation Errors:
2025-04-30 17:34:48.895 +04:00 [INF]     * DeliverAt: Delivery time (2024-10-27T11:15:00.0000000Z) must be at least 35 minutes from current time (2025-04-30T13:34:48.0709506+00:00). Earliest allowed: 2025-04-30T14:09:48.0709506+00:00.
2025-04-30 17:34:48.896 +04:00 [INF] --------------------------------------------------------------
2025-04-30 17:34:48.897 +04:00 [INF]   Order ID: ORD-00003 (Source: order03_inconsistent.json)
2025-04-30 17:34:48.899 +04:00 [INF]   Validation Errors:
2025-04-30 17:34:48.900 +04:00 [INF]     * Inconsistent order data: Order ORD-00003: Inconsistent DeliverAt times for product PRD-10001 (10/27/2024 11:00:00 AM) vs product PRD-10003 (10/27/2024 11:30:00 AM).
2025-04-30 17:34:48.901 +04:00 [INF] --------------------------------------------------------------
2025-04-30 17:34:48.902 +04:00 [INF]   Order ID: ORD-00004 (Source: order04_invalid_quantity.json)
2025-04-30 17:34:48.903 +04:00 [INF]   Validation Errors:
2025-04-30 17:34:48.904 +04:00 [INF]     * Invalid items: Line item for ProductId 'PRD-10004' has a quantity of (0) for Order ORD-00004.
2025-04-30 17:34:48.909 +04:00 [INF] --------------------------------------------------------------
2025-04-30 17:34:48.910 +04:00 [INF]   Order ID: ORD-00005 (Source: order05_invalid_date.json)
2025-04-30 17:34:48.912 +04:00 [INF]   Validation Errors:
2025-04-30 17:34:48.913 +04:00 [INF]     * CustomerAddress: Customer address format is invalid.
2025-04-30 17:34:48.914 +04:00 [INF]     * DeliverAt: Delivery time (2024-10-27T09:30:00.0000000Z) must be after or the same as creation time (2024-10-27T10:20:00.0000000Z).
2025-04-30 17:34:48.915 +04:00 [INF]     * DeliverAt: Delivery time (2024-10-27T09:30:00.0000000Z) must be at least 35 minutes from current time (2025-04-30T13:34:48.0961008+00:00). Earliest allowed: 2025-04-30T14:09:48.0961008+00:00.
2025-04-30 17:34:48.917 +04:00 [INF] --------------------------------------------------------------
2025-04-30 17:34:48.918 +04:00 [INF]   Order ID: ORD-00006 (Source: order06_product_not_found.json)
2025-04-30 17:34:48.919 +04:00 [INF]   Validation Errors:
2025-04-30 17:34:48.920 +04:00 [INF]     * Invalid items: ProductId 'PRD-99999' not found in Product Catalog for Order ORD-00006.
2025-04-30 17:34:48.925 +04:00 [INF] --------------------------------------------------------------
2025-04-30 17:34:48.928 +04:00 [INF]   Order ID: ORD-00008 (Source: order08_empty_item.json)
2025-04-30 17:34:48.929 +04:00 [INF]   Validation Errors:
2025-04-30 17:34:48.931 +04:00 [INF]     * DeliverAt: Delivery time (2024-10-27T11:40:00.0000000Z) must be at least 35 minutes from current time (2025-04-30T13:34:48.1020008+00:00). Earliest allowed: 2025-04-30T14:09:48.1020008+00:00.
2025-04-30 17:34:48.932 +04:00 [INF] --------------------------------------------------------------
2025-04-30 17:34:48.933 +04:00 [INF]   Order ID: ORD-00009 (Source: order09_min_amount_fail.json)
2025-04-30 17:34:48.934 +04:00 [INF]   Validation Errors:
2025-04-30 17:34:48.935 +04:00 [INF]     * DeliverAt: Delivery time (2024-10-27T11:45:00.0000000Z) must be at least 35 minutes from current time (2025-04-30T13:34:48.1035197+00:00). Earliest allowed: 2025-04-30T14:09:48.1035197+00:00.
2025-04-30 17:34:48.937 +04:00 [INF]     * TotalAmountIncludingVat: Order total (2.97 AED) is below the minimum required amount (10.00 AED).
2025-04-30 17:34:48.945 +04:00 [INF] --------------------------------------------------------------
2025-04-30 17:34:48.946 +04:00 [INF]   Order ID: ORD-00010 (Source: order10_valid_complex.json)
2025-04-30 17:34:48.948 +04:00 [INF]   Validation Errors:
2025-04-30 17:34:48.949 +04:00 [INF]     * DeliverAt: Delivery time (2024-11-01T19:30:00.0000000Z) must be at least 50 minutes from current time (2025-04-30T13:34:48.1156260+00:00). Earliest allowed: 2025-04-30T14:24:48.1156260+00:00.
2025-04-30 17:34:48.951 +04:00 [INF] --------------------------------------------------------------
2025-04-30 17:34:48.953 +04:00 [INF]   Order ID: ORD-00011 (Source: order11_invalid_too_early.json)
2025-04-30 17:34:48.955 +04:00 [INF]   Validation Errors:
2025-04-30 17:34:48.962 +04:00 [INF]     * DeliverAt: Delivery time (07:00:00) is outside operating hours (08:00:00 - 22:00:00).
2025-04-30 17:34:48.964 +04:00 [INF]     * DeliverAt: Delivery time (2024-11-02T07:00:00.0000000Z) must be at least 35 minutes from current time (2025-04-30T13:34:48.1194576+00:00). Earliest allowed: 2025-04-30T14:09:48.1194576+00:00.
2025-04-30 17:34:48.967 +04:00 [INF]     * TotalAmountIncludingVat: Order total (9.89 AED) is below the minimum required amount (10.00 AED).
2025-04-30 17:34:48.968 +04:00 [INF] --------------------------------------------------------------
2025-04-30 17:34:48.970 +04:00 [INF]   Order ID: ORD-00012 (Source: order12_invalid_too_late.json)
2025-04-30 17:34:48.979 +04:00 [INF]   Validation Errors:
2025-04-30 17:34:48.980 +04:00 [INF]     * CustomerAddress: Customer address format is invalid.
2025-04-30 17:34:48.982 +04:00 [INF]     * DeliverAt: Delivery time (2024-11-02T23:00:00.0000000Z) must be at least 35 minutes from current time (2025-04-30T13:34:48.1213519+00:00). Earliest allowed: 2025-04-30T14:09:48.1213519+00:00.
2025-04-30 17:34:48.984 +04:00 [INF]     * DeliverAt: Delivery time (23:00:00) is outside operating hours (08:00:00 - 22:00:00).
2025-04-30 17:34:48.986 +04:00 [INF]     * TotalAmountIncludingVat: Order total (2.09 AED) is below the minimum required amount (10.00 AED).
2025-04-30 17:34:49.017 +04:00 [INF] --------------------------------------------------------------
2025-04-30 17:34:49.019 +04:00 [INF]   Order ID: ORD-00013 (Source: order13_invalid_prep_time.json)
2025-04-30 17:34:49.031 +04:00 [INF]   Validation Errors:
2025-04-30 17:34:49.032 +04:00 [INF]     * CustomerAddress: Customer address format is invalid.
2025-04-30 17:34:49.033 +04:00 [INF]     * DeliverAt: Delivery time (2024-11-03T14:30:00.0000000Z) must be at least 40 minutes from current time (2025-04-30T13:34:48.1312746+00:00). Earliest allowed: 2025-04-30T14:14:48.1312746+00:00.
2025-04-30 17:34:49.036 +04:00 [INF] --------------------------------------------------------------
2025-04-30 17:34:49.037 +04:00 [INF]   Order ID: ORD-00014 (Source: order14_invalid_max_advance.json)
2025-04-30 17:34:49.043 +04:00 [INF]   Validation Errors:
2025-04-30 17:34:49.045 +04:00 [INF]     * CustomerAddress: Customer address format is invalid.
2025-04-30 17:34:49.047 +04:00 [INF]     * DeliverAt: Delivery time (2024-11-14T12:00:00.0000000Z) must be at least 35 minutes from current time (2025-04-30T13:34:48.1331602+00:00). Earliest allowed: 2025-04-30T14:09:48.1331602+00:00.
2025-04-30 17:34:49.049 +04:00 [INF] --------------------------------------------------------------
2025-04-30 17:34:49.050 +04:00 [INF]   Order ID: ORD-00015 (Source: order15_invalid_qty_limit.json)
2025-04-30 17:34:49.052 +04:00 [INF]   Validation Errors:
2025-04-30 17:34:49.053 +04:00 [INF]     * CustomerAddress: Customer address format is invalid.
2025-04-30 17:34:49.055 +04:00 [INF]     * DeliverAt: Delivery time (2024-11-05T12:00:00.0000000Z) must be at least 35 minutes from current time (2025-04-30T13:34:48.1368293+00:00). Earliest allowed: 2025-04-30T14:09:48.1368293+00:00.
2025-04-30 17:34:49.061 +04:00 [INF]     * Items[0].Quantity: Quantity cannot exceed 100.
2025-04-30 17:34:49.062 +04:00 [INF] --------------------------------------------------------------
2025-04-30 17:34:49.064 +04:00 [INF]   Order ID: ORD-00016 (Source: order16_valid_edge_qty.json)
2025-04-30 17:34:49.066 +04:00 [INF]   Validation Errors:
2025-04-30 17:34:49.067 +04:00 [INF]     * CustomerAddress: Customer address format is invalid.
2025-04-30 17:34:49.068 +04:00 [INF]     * DeliverAt: Delivery time (2024-11-06T14:00:00.0000000Z) must be at least 35 minutes from current time (2025-04-30T13:34:48.2840460+00:00). Earliest allowed: 2025-04-30T14:09:48.2840460+00:00.
2025-04-30 17:34:49.070 +04:00 [INF] --------------------------------------------------------------
2025-04-30 17:34:49.071 +04:00 [INF]   Order ID: ORD-00017 (Source: order17_missing_req_field.json)
2025-04-30 17:34:49.076 +04:00 [INF]   Validation Errors:
2025-04-30 17:34:49.079 +04:00 [INF]     * Invalid items: Line item for ProductId 'PRD-10002' has a quantity of (0) for Order ORD-00017.
2025-04-30 17:34:49.081 +04:00 [INF] --------------------------------------------------------------
2025-04-30 17:34:49.083 +04:00 [INF]   Order ID: ORD-00018 (Source: order18_invalid_addr_format2.json)
2025-04-30 17:34:49.084 +04:00 [INF]   Validation Errors:
2025-04-30 17:34:49.085 +04:00 [INF]     * CustomerAddress: Customer address format is invalid.
2025-04-30 17:34:49.086 +04:00 [INF]     * DeliverAt: Delivery time (2024-11-08T10:30:00.0000000Z) must be at least 35 minutes from current time (2025-04-30T13:34:48.4664128+00:00). Earliest allowed: 2025-04-30T14:09:48.4664128+00:00.
2025-04-30 17:34:49.090 +04:00 [INF]     * TotalAmountIncludingVat: Order total (2.09 AED) is below the minimum required amount (10.00 AED).
2025-04-30 17:34:49.092 +04:00 [INF] --------------------------------------------------------------
2025-04-30 17:34:49.093 +04:00 [INF]   Order ID: ORD-00019 (Source: order19_null_field_value.json)
2025-04-30 17:34:49.095 +04:00 [INF]   Validation Errors:
2025-04-30 17:34:49.096 +04:00 [INF]     * CustomerAddress: Customer address format is invalid.
2025-04-30 17:34:49.097 +04:00 [INF]     * CustomerAddress: Customer address is required.
2025-04-30 17:34:49.098 +04:00 [INF]     * DeliverAt: Delivery time (2024-11-09T13:00:00.0000000Z) must be at least 35 minutes from current time (2025-04-30T13:34:48.4690670+00:00). Earliest allowed: 2025-04-30T14:09:48.4690670+00:00.
2025-04-30 17:34:49.100 +04:00 [INF]     * TotalAmountIncludingVat: Order total (9.89 AED) is below the minimum required amount (10.00 AED).
2025-04-30 17:34:49.101 +04:00 [INF] --------------------------------------------------------------
2025-04-30 17:34:49.102 +04:00 [INF]   Order ID: ORD-00020 (Source: order20_valid_vat_fallback.json)
2025-04-30 17:34:49.103 +04:00 [INF]   Validation Errors:
2025-04-30 17:34:49.104 +04:00 [INF]     * DeliverAt: Delivery time (2024-11-10T17:00:00.0000000Z) must be at least 40 minutes from current time (2025-04-30T13:34:48.4713918+00:00). Earliest allowed: 2025-04-30T14:14:48.4713918+00:00.
2025-04-30 17:34:49.112 +04:00 [INF]     * TotalAmountIncludingVat: Order total (3.08 AED) is below the minimum required amount (10.00 AED).
2025-04-30 17:34:49.114 +04:00 [INF] --------------------------------------------------------------
2025-04-30 17:34:49.115 +04:00 [INF]   Order ID: ORD-00023 (Source: order22_MultipleOrders.json)
2025-04-30 17:34:49.117 +04:00 [INF]   Validation Errors:
2025-04-30 17:34:49.118 +04:00 [INF]     * TotalAmountIncludingVat: Order total (9.89 AED) is below the minimum required amount (10.00 AED).
2025-04-30 17:34:49.119 +04:00 [INF] --------------------------------------------------------------
2025-04-30 17:34:49.121 +04:00 [INF]   Order ID: ORD-00026 (Source: order22_MultipleOrders.json)
2025-04-30 17:34:49.127 +04:00 [INF]   Validation Errors:
2025-04-30 17:34:49.129 +04:00 [INF]     * Invalid items: Line item for ProductId 'PRD-10002' has a quantity of (0) for Order ORD-00026.
2025-04-30 17:34:49.130 +04:00 [INF] --------------------------------------------------------------
2025-04-30 17:34:49.132 +04:00 [INF]   Order ID: ORD-00027 (Source: order22_MultipleOrders.json)
2025-04-30 17:34:49.134 +04:00 [INF]   Validation Errors:
2025-04-30 17:34:49.135 +04:00 [INF]     * Invalid items: ProductId 'PRD-99999' not found in Product Catalog for Order ORD-00027.
2025-04-30 17:34:49.136 +04:00 [INF] --------------------------------------------------------------
2025-04-30 17:34:49.141 +04:00 [INF]   Order ID: ORD-00028 (Source: order22_MultipleOrders.json)
2025-04-30 17:34:49.145 +04:00 [INF]   Validation Errors:
2025-04-30 17:34:49.146 +04:00 [INF]     * Items[0].Quantity: Quantity cannot exceed 100.
2025-04-30 17:34:49.148 +04:00 [INF] --------------------------------------------------------------
2025-04-30 17:34:49.149 +04:00 [INF]   Order ID: ORD-00030 (Source: order22_MultipleOrders.json)
2025-04-30 17:34:49.151 +04:00 [INF]   Validation Errors:
2025-04-30 17:34:49.152 +04:00 [INF]     * TotalAmountIncludingVat: Order total (2.09 AED) is below the minimum required amount (10.00 AED).
2025-04-30 17:34:49.153 +04:00 [INF] --------------------------------------------------------------
2025-04-30 17:34:49.155 +04:00 [INF]   Order ID: ORD-00031 (Source: order22_MultipleOrders.json)
2025-04-30 17:34:49.161 +04:00 [INF]   Validation Errors:
2025-04-30 17:34:49.162 +04:00 [INF]     * TotalAmountIncludingVat: Order total (9.89 AED) is below the minimum required amount (10.00 AED).
2025-04-30 17:34:49.163 +04:00 [INF] --------------------------------------------------------------
2025-04-30 17:34:49.165 +04:00 [INF]   Order ID: ORD-00032 (Source: order22_MultipleOrders.json)
2025-04-30 17:34:49.166 +04:00 [INF]   Validation Errors:
2025-04-30 17:34:49.168 +04:00 [INF]     * TotalAmountIncludingVat: Order total (9.89 AED) is below the minimum required amount (10.00 AED).
2025-04-30 17:34:49.169 +04:00 [INF] --------------------------------------------------------------
2025-04-30 17:34:49.171 +04:00 [INF]   Order ID: ORD-00034 (Source: order22_MultipleOrders.json)
2025-04-30 17:34:49.176 +04:00 [INF]   Validation Errors:
2025-04-30 17:34:49.179 +04:00 [INF]     * TotalAmountIncludingVat: Order total (9.89 AED) is below the minimum required amount (10.00 AED).
2025-04-30 17:34:49.180 +04:00 [INF] --------------------------------------------------------------
2025-04-30 17:34:49.182 +04:00 [INF]   Order ID: ORD-00035 (Source: order22_MultipleOrders.json)
2025-04-30 17:34:49.183 +04:00 [INF]   Validation Errors:
2025-04-30 17:34:49.185 +04:00 [INF]     * CustomerAddress: Customer address format is invalid.
2025-04-30 17:34:49.186 +04:00 [INF]     * CustomerAddress: Customer address is required.
2025-04-30 17:34:49.190 +04:00 [INF]     * TotalAmountIncludingVat: Order total (9.89 AED) is below the minimum required amount (10.00 AED).
2025-04-30 17:34:49.193 +04:00 [INF] --------------------------------------------------------------
2025-04-30 17:34:49.195 +04:00 [INF] 
2025-04-30 17:34:49.197 +04:00 [INF] ==============================================================
2025-04-30 17:34:49.198 +04:00 [INF] REQUIRED INGREDIENTS
2025-04-30 17:34:49.199 +04:00 [INF] ==============================================================
2025-04-30 17:34:49.209 +04:00 [INF]   Dough       :     400.00 grams
2025-04-30 17:34:49.213 +04:00 [INF]   Mozzarella  :     240.00 grams
2025-04-30 17:34:49.214 +04:00 [INF]   Mushrooms   :      55.50 grams
2025-04-30 17:34:49.216 +04:00 [INF]   Pepperoni   :     120.00 grams
2025-04-30 17:34:49.217 +04:00 [INF]   Peppers     :      49.50 grams
2025-04-30 17:34:49.219 +04:00 [INF]   Tomato Sauce:     205.00 grams
2025-04-30 17:34:49.220 +04:00 [INF]   Water       :   2,250.00 grams
2025-04-30 17:34:49.224 +04:00 [INF] --------------------------------------------------------------
2025-04-30 17:34:49.225 +04:00 [INF] 
2025-04-30 17:34:49.227 +04:00 [INF] NOTE: 4 line item(s) were skipped during file parsing.
2025-04-30 17:34:49.228 +04:00 [INF]       Check logs for details on skipped items.
2025-04-30 17:34:49.230 +04:00 [INF] 
2025-04-30 17:34:49.230 +04:00 [INF] ==============================================================
2025-04-30 17:34:49.231 +04:00 [INF] END OF SUMMARY
2025-04-30 17:34:49.232 +04:00 [INF] ==============================================================
2025-04-30 17:34:54.239 +04:00 [INF] Application run completed.
2025-04-30 19:33:56.173 +04:00 [INF] Host configured. Starting application run...
2025-04-30 19:33:56.567 +04:00 [INF] Resolved product catalog path to: C:\Pizzreia_Order_Processor\PizzeriaOrderProcessor\bin\Debug\net9.0\products.json
2025-04-30 19:33:56.580 +04:00 [INF] Loading Product Catalog...
2025-04-30 19:33:56.649 +04:00 [INF] Successfully deserialized 5 products from C:\Pizzreia_Order_Processor\PizzeriaOrderProcessor\bin\Debug\net9.0\products.json
2025-04-30 19:33:56.663 +04:00 [INF] Product catalog loaded and frozen successfully from C:\Pizzreia_Order_Processor\PizzeriaOrderProcessor\bin\Debug\net9.0\products.json. Contains 5 unique products.
2025-04-30 19:33:56.665 +04:00 [INF] Product Catalog loaded successfully.
2025-04-30 19:33:56.667 +04:00 [INF] Resolved ingredient mappings path to: C:\Pizzreia_Order_Processor\PizzeriaOrderProcessor\bin\Debug\net9.0\ingredients.json
2025-04-30 19:33:56.669 +04:00 [INF] Loading Ingredient Mappings...
2025-04-30 19:33:56.674 +04:00 [INF] Successfully deserialized 5 ingredient mappings from C:\Pizzreia_Order_Processor\PizzeriaOrderProcessor\bin\Debug\net9.0\ingredients.json
2025-04-30 19:33:56.683 +04:00 [INF] Ingredient mappings loaded and frozen successfully from C:\Pizzreia_Order_Processor\PizzeriaOrderProcessor\bin\Debug\net9.0\ingredients.json. Contains mappings for 5 unique products.
2025-04-30 19:33:56.686 +04:00 [INF] Ingredient Mappings loaded successfully.
2025-04-30 19:33:56.688 +04:00 [INF] Found 22 order JSON files to process in directory: C:\Pizzreia_Order_Processor\PizzeriaOrderProcessor\bin\Debug\net9.0\
2025-04-30 19:33:56.768 +04:00 [INF] MockQueue initialized with 20 % failure probability.
2025-04-30 19:33:56.784 +04:00 [INF] BatchQueuePusher initialized with push batch size 50.
2025-04-30 19:33:56.788 +04:00 [INF] OrderProcessingOrchestrator initialized.
2025-04-30 19:33:56.792 +04:00 [INF] Starting order batch processing for 22 file(s)...
2025-04-30 19:33:56.795 +04:00 [INF] 1. Buffering order files... 0%
2025-04-30 19:33:56.797 +04:00 [INF] Starting order file buffering process for 22 file(s).
2025-04-30 19:33:56.804 +04:00 [INF] Processing file: C:\Pizzreia_Order_Processor\PizzeriaOrderProcessor\bin\Debug\net9.0\order01_oldOrder.json
2025-04-30 19:33:56.828 +04:00 [INF] Finished processing file: C:\Pizzreia_Order_Processor\PizzeriaOrderProcessor\bin\Debug\net9.0\order01_oldOrder.json. Skipped items in this file: 0. Fatal JSON error: false
2025-04-30 19:33:56.833 +04:00 [INF] Processing file: C:\Pizzreia_Order_Processor\PizzeriaOrderProcessor\bin\Debug\net9.0\order02_invalid_address.json
2025-04-30 19:33:56.839 +04:00 [INF] Finished processing file: C:\Pizzreia_Order_Processor\PizzeriaOrderProcessor\bin\Debug\net9.0\order02_invalid_address.json. Skipped items in this file: 0. Fatal JSON error: false
2025-04-30 19:33:56.841 +04:00 [INF] Processing file: C:\Pizzreia_Order_Processor\PizzeriaOrderProcessor\bin\Debug\net9.0\order03_inconsistent.json
2025-04-30 19:33:56.843 +04:00 [INF] Finished processing file: C:\Pizzreia_Order_Processor\PizzeriaOrderProcessor\bin\Debug\net9.0\order03_inconsistent.json. Skipped items in this file: 0. Fatal JSON error: false
2025-04-30 19:33:56.846 +04:00 [INF] Processing file: C:\Pizzreia_Order_Processor\PizzeriaOrderProcessor\bin\Debug\net9.0\order04_invalid_quantity.json
2025-04-30 19:33:56.848 +04:00 [INF] Finished processing file: C:\Pizzreia_Order_Processor\PizzeriaOrderProcessor\bin\Debug\net9.0\order04_invalid_quantity.json. Skipped items in this file: 0. Fatal JSON error: false
2025-04-30 19:33:56.855 +04:00 [INF] Processing file: C:\Pizzreia_Order_Processor\PizzeriaOrderProcessor\bin\Debug\net9.0\order05_invalid_date.json
2025-04-30 19:33:56.858 +04:00 [INF] Finished processing file: C:\Pizzreia_Order_Processor\PizzeriaOrderProcessor\bin\Debug\net9.0\order05_invalid_date.json. Skipped items in this file: 0. Fatal JSON error: false
2025-04-30 19:33:56.860 +04:00 [INF] Processing file: C:\Pizzreia_Order_Processor\PizzeriaOrderProcessor\bin\Debug\net9.0\order06_product_not_found.json
2025-04-30 19:33:56.863 +04:00 [INF] Finished processing file: C:\Pizzreia_Order_Processor\PizzeriaOrderProcessor\bin\Debug\net9.0\order06_product_not_found.json. Skipped items in this file: 0. Fatal JSON error: false
2025-04-30 19:33:56.876 +04:00 [INF] Processing file: C:\Pizzreia_Order_Processor\PizzeriaOrderProcessor\bin\Debug\net9.0\order07_malformed_item.json
2025-04-30 19:33:56.892 +04:00 [ERR] Malformed JSON in C:\Pizzreia_Order_Processor\PizzeriaOrderProcessor\bin\Debug\net9.0\order07_malformed_item.json – skipping file.
System.Text.Json.JsonException: The JSON value could not be converted to System.Int32. Path: $[1].Quantity | LineNumber: 12 | BytePositionInLine: 21.
 ---> System.InvalidOperationException: Cannot get the value of a token type 'String' as a number.
   at System.Text.Json.ThrowHelper.ThrowInvalidOperationException_ExpectedNumber(JsonTokenType tokenType)
   at System.Text.Json.Utf8JsonReader.TryGetInt32(Int32& value)
   at System.Text.Json.Serialization.Metadata.JsonPropertyInfo`1.ReadJsonAndSetMember(Object obj, ReadStack& state, Utf8JsonReader& reader)
   at System.Text.Json.Serialization.Converters.ObjectDefaultConverter`1.OnTryRead(Utf8JsonReader& reader, Type typeToConvert, JsonSerializerOptions options, ReadStack& state, T& value)
   at System.Text.Json.Serialization.JsonConverter`1.TryRead(Utf8JsonReader& reader, Type typeToConvert, JsonSerializerOptions options, ReadStack& state, T& value, Boolean& isPopulatedValue)
   at System.Text.Json.Serialization.JsonCollectionConverter`2.OnTryRead(Utf8JsonReader& reader, Type typeToConvert, JsonSerializerOptions options, ReadStack& state, TCollection& value)
   at System.Text.Json.Serialization.JsonConverter`1.TryRead(Utf8JsonReader& reader, Type typeToConvert, JsonSerializerOptions options, ReadStack& state, T& value, Boolean& isPopulatedValue)
   at System.Text.Json.Serialization.JsonConverter`1.ReadCore(Utf8JsonReader& reader, T& value, JsonSerializerOptions options, ReadStack& state)
   --- End of inner exception stack trace ---
   at System.Text.Json.ThrowHelper.ReThrowWithPath(ReadStack& state, Utf8JsonReader& reader, Exception ex)
   at System.Text.Json.Serialization.JsonConverter`1.ReadCore(Utf8JsonReader& reader, T& value, JsonSerializerOptions options, ReadStack& state)
   at System.Text.Json.Serialization.Metadata.JsonTypeInfo`1.ContinueDeserialize(ReadBufferState& bufferState, JsonReaderState& jsonReaderState, ReadStack& readStack, T& value)
   at System.Text.Json.JsonSerializer.<DeserializeAsyncEnumerableCore>g__CreateAsyncEnumerableFromArray|92_0[T](Stream utf8Json, JsonTypeInfo`1 listTypeInfo, JsonReaderOptions readerOptions, CancellationToken cancellationToken)+MoveNext()
   at PizzeriaOrderProcessor.Application.Services.Implementations.OrderBatchProcessor.ProcessSingleFileAsync(String filePath, Dictionary`2 orderLineBuffer, CancellationToken cancellationToken) in C:\Pizzreia_Order_Processor\PizzeriaOrderProcessor\Application\Services\Implementations\OrderBatchProcessor.cs:line 67
   at PizzeriaOrderProcessor.Application.Services.Implementations.OrderBatchProcessor.ProcessSingleFileAsync(String filePath, Dictionary`2 orderLineBuffer, CancellationToken cancellationToken) in C:\Pizzreia_Order_Processor\PizzeriaOrderProcessor\Application\Services\Implementations\OrderBatchProcessor.cs:line 67
   at PizzeriaOrderProcessor.Application.Services.Implementations.OrderBatchProcessor.ProcessSingleFileAsync(String filePath, Dictionary`2 orderLineBuffer, CancellationToken cancellationToken) in C:\Pizzreia_Order_Processor\PizzeriaOrderProcessor\Application\Services\Implementations\OrderBatchProcessor.cs:line 67
2025-04-30 19:33:56.916 +04:00 [INF] Finished processing file: C:\Pizzreia_Order_Processor\PizzeriaOrderProcessor\bin\Debug\net9.0\order07_malformed_item.json. Skipped items in this file: 1. Fatal JSON error: false
2025-04-30 19:33:56.923 +04:00 [INF] Processing file: C:\Pizzreia_Order_Processor\PizzeriaOrderProcessor\bin\Debug\net9.0\order08_empty_item.json
2025-04-30 19:33:56.935 +04:00 [WRN] Skipping order line item with missing or invalid format OrderId ('') in file: C:\Pizzreia_Order_Processor\PizzeriaOrderProcessor\bin\Debug\net9.0\order08_empty_item.json. Data: {"OrderId":"","ProductId":"","Quantity":0,"DeliverAt":"0001-01-01T00:00:00.0000000","CreatedAt":"0001-01-01T00:00:00.0000000","CustomerAddress":"","$type":"RawOrderLineItem"}
2025-04-30 19:33:56.941 +04:00 [INF] Finished processing file: C:\Pizzreia_Order_Processor\PizzeriaOrderProcessor\bin\Debug\net9.0\order08_empty_item.json. Skipped items in this file: 1. Fatal JSON error: false
2025-04-30 19:33:56.944 +04:00 [INF] Processing file: C:\Pizzreia_Order_Processor\PizzeriaOrderProcessor\bin\Debug\net9.0\order09_min_amount_fail.json
2025-04-30 19:33:56.946 +04:00 [INF] Finished processing file: C:\Pizzreia_Order_Processor\PizzeriaOrderProcessor\bin\Debug\net9.0\order09_min_amount_fail.json. Skipped items in this file: 0. Fatal JSON error: false
2025-04-30 19:33:56.949 +04:00 [INF] Processing file: C:\Pizzreia_Order_Processor\PizzeriaOrderProcessor\bin\Debug\net9.0\order10_valid_complex.json
2025-04-30 19:33:56.952 +04:00 [INF] Finished processing file: C:\Pizzreia_Order_Processor\PizzeriaOrderProcessor\bin\Debug\net9.0\order10_valid_complex.json. Skipped items in this file: 0. Fatal JSON error: false
2025-04-30 19:33:56.960 +04:00 [INF] Processing file: C:\Pizzreia_Order_Processor\PizzeriaOrderProcessor\bin\Debug\net9.0\order11_invalid_too_early.json
2025-04-30 19:33:56.963 +04:00 [INF] Finished processing file: C:\Pizzreia_Order_Processor\PizzeriaOrderProcessor\bin\Debug\net9.0\order11_invalid_too_early.json. Skipped items in this file: 0. Fatal JSON error: false
2025-04-30 19:33:56.966 +04:00 [INF] Processing file: C:\Pizzreia_Order_Processor\PizzeriaOrderProcessor\bin\Debug\net9.0\order12_invalid_too_late.json
2025-04-30 19:33:56.970 +04:00 [INF] Finished processing file: C:\Pizzreia_Order_Processor\PizzeriaOrderProcessor\bin\Debug\net9.0\order12_invalid_too_late.json. Skipped items in this file: 0. Fatal JSON error: false
2025-04-30 19:33:56.975 +04:00 [INF] Processing file: C:\Pizzreia_Order_Processor\PizzeriaOrderProcessor\bin\Debug\net9.0\order13_invalid_prep_time.json
2025-04-30 19:33:56.978 +04:00 [INF] Finished processing file: C:\Pizzreia_Order_Processor\PizzeriaOrderProcessor\bin\Debug\net9.0\order13_invalid_prep_time.json. Skipped items in this file: 0. Fatal JSON error: false
2025-04-30 19:33:56.980 +04:00 [INF] Processing file: C:\Pizzreia_Order_Processor\PizzeriaOrderProcessor\bin\Debug\net9.0\order14_invalid_max_advance.json
2025-04-30 19:33:56.983 +04:00 [INF] Finished processing file: C:\Pizzreia_Order_Processor\PizzeriaOrderProcessor\bin\Debug\net9.0\order14_invalid_max_advance.json. Skipped items in this file: 0. Fatal JSON error: false
2025-04-30 19:33:56.987 +04:00 [INF] Processing file: C:\Pizzreia_Order_Processor\PizzeriaOrderProcessor\bin\Debug\net9.0\order15_invalid_qty_limit.json
2025-04-30 19:33:56.993 +04:00 [INF] Finished processing file: C:\Pizzreia_Order_Processor\PizzeriaOrderProcessor\bin\Debug\net9.0\order15_invalid_qty_limit.json. Skipped items in this file: 0. Fatal JSON error: false
2025-04-30 19:33:56.996 +04:00 [INF] Processing file: C:\Pizzreia_Order_Processor\PizzeriaOrderProcessor\bin\Debug\net9.0\order16_valid_edge_qty.json
2025-04-30 19:33:56.998 +04:00 [INF] Finished processing file: C:\Pizzreia_Order_Processor\PizzeriaOrderProcessor\bin\Debug\net9.0\order16_valid_edge_qty.json. Skipped items in this file: 0. Fatal JSON error: false
2025-04-30 19:33:57.001 +04:00 [INF] Processing file: C:\Pizzreia_Order_Processor\PizzeriaOrderProcessor\bin\Debug\net9.0\order17_missing_req_field.json
2025-04-30 19:33:57.007 +04:00 [INF] Finished processing file: C:\Pizzreia_Order_Processor\PizzeriaOrderProcessor\bin\Debug\net9.0\order17_missing_req_field.json. Skipped items in this file: 0. Fatal JSON error: false
2025-04-30 19:33:57.009 +04:00 [INF] Processing file: C:\Pizzreia_Order_Processor\PizzeriaOrderProcessor\bin\Debug\net9.0\order18_invalid_addr_format2.json
2025-04-30 19:33:57.011 +04:00 [INF] Finished processing file: C:\Pizzreia_Order_Processor\PizzeriaOrderProcessor\bin\Debug\net9.0\order18_invalid_addr_format2.json. Skipped items in this file: 0. Fatal JSON error: false
2025-04-30 19:33:57.012 +04:00 [INF] Processing file: C:\Pizzreia_Order_Processor\PizzeriaOrderProcessor\bin\Debug\net9.0\order19_null_field_value.json
2025-04-30 19:33:57.015 +04:00 [INF] Finished processing file: C:\Pizzreia_Order_Processor\PizzeriaOrderProcessor\bin\Debug\net9.0\order19_null_field_value.json. Skipped items in this file: 0. Fatal JSON error: false
2025-04-30 19:33:57.018 +04:00 [INF] Processing file: C:\Pizzreia_Order_Processor\PizzeriaOrderProcessor\bin\Debug\net9.0\order20_valid_vat_fallback.json
2025-04-30 19:33:57.024 +04:00 [INF] Finished processing file: C:\Pizzreia_Order_Processor\PizzeriaOrderProcessor\bin\Debug\net9.0\order20_valid_vat_fallback.json. Skipped items in this file: 0. Fatal JSON error: false
2025-04-30 19:33:57.026 +04:00 [INF] Processing file: C:\Pizzreia_Order_Processor\PizzeriaOrderProcessor\bin\Debug\net9.0\order21_valid.json
2025-04-30 19:33:57.028 +04:00 [INF] Finished processing file: C:\Pizzreia_Order_Processor\PizzeriaOrderProcessor\bin\Debug\net9.0\order21_valid.json. Skipped items in this file: 0. Fatal JSON error: false
2025-04-30 19:33:57.030 +04:00 [INF] Processing file: C:\Pizzreia_Order_Processor\PizzeriaOrderProcessor\bin\Debug\net9.0\order22_MultipleOrders.json
2025-04-30 19:33:57.033 +04:00 [WRN] Skipping order line item with missing or invalid format ProductId ('null') in file: C:\Pizzreia_Order_Processor\PizzeriaOrderProcessor\bin\Debug\net9.0\order22_MultipleOrders.json. Data: {"OrderId":"ORD-00036","ProductId":null,"Quantity":1,"DeliverAt":"2025-05-01T10:40:00.0000000Z","CreatedAt":"2025-05-01T10:00:00.0000000Z","CustomerAddress":"123 Main Street, Anytown, CA 90210","$type":"RawOrderLineItem"}
2025-04-30 19:33:57.033 +04:00 [WRN] Skipping order line item with missing or invalid format OrderId ('null') in file: C:\Pizzreia_Order_Processor\PizzeriaOrderProcessor\bin\Debug\net9.0\order22_MultipleOrders.json. Data: {"OrderId":null,"ProductId":"PRD-10001","Quantity":1,"DeliverAt":"2025-05-01T10:40:00.0000000Z","CreatedAt":"2025-05-01T10:00:00.0000000Z","CustomerAddress":"123 Main Street, Anytown, CA 90210","$type":"RawOrderLineItem"}
2025-04-30 19:33:57.033 +04:00 [INF] Finished processing file: C:\Pizzreia_Order_Processor\PizzeriaOrderProcessor\bin\Debug\net9.0\order22_MultipleOrders.json. Skipped items in this file: 2. Fatal JSON error: false
2025-04-30 19:33:57.040 +04:00 [INF] Finished buffering all files. Buffered 39 unique OrderIds. Total skipped line items across all files: 4
2025-04-30 19:33:57.042 +04:00 [INF] 1. Buffering order files... 100%
2025-04-30 19:33:57.044 +04:00 [INF] File buffering complete. Buffered 39 unique OrderIds. Skipped 4 items.
2025-04-30 19:33:57.049 +04:00 [INF] Starting processing of 39 buffered orders...
2025-04-30 19:33:57.054 +04:00 [INF] 2. Processing buffered orders... 0.0%
2025-04-30 19:33:57.139 +04:00 [INF] 2. Processing buffered orders... 2.6% complete.
2025-04-30 19:33:57.141 +04:00 [INF] 2. Processing buffered orders... 5.1% complete.
2025-04-30 19:33:57.154 +04:00 [WRN] Order ORD-00003 failed pre-validation in file order03_inconsistent.json: Inconsistent order data: Order ORD-00003: Inconsistent DeliverAt times for product PRD-10001 (10/27/2024 11:00:00 AM) vs product PRD-10003 (10/27/2024 11:30:00 AM).
2025-04-30 19:33:57.154 +04:00 [INF] 2. Processing buffered orders... 7.7% complete.
2025-04-30 19:33:57.156 +04:00 [WRN] Order ORD-00004 failed pre-validation in file order04_invalid_quantity.json: Invalid items: Line item for ProductId 'PRD-10004' has a quantity of (0) for Order ORD-00004.
2025-04-30 19:33:57.156 +04:00 [INF] 2. Processing buffered orders... 10.3% complete.
2025-04-30 19:33:57.161 +04:00 [INF] 2. Processing buffered orders... 12.8% complete.
2025-04-30 19:33:57.163 +04:00 [WRN] Order ORD-00006 failed pre-validation in file order06_product_not_found.json: Invalid items: ProductId 'PRD-99999' not found in Product Catalog for Order ORD-00006.
2025-04-30 19:33:57.163 +04:00 [INF] 2. Processing buffered orders... 15.4% complete.
2025-04-30 19:33:57.165 +04:00 [INF] 2. Processing buffered orders... 17.9% complete.
2025-04-30 19:33:57.173 +04:00 [INF] 2. Processing buffered orders... 20.5% complete.
2025-04-30 19:33:57.175 +04:00 [INF] 2. Processing buffered orders... 23.1% complete.
2025-04-30 19:33:57.180 +04:00 [INF] 2. Processing buffered orders... 25.6% complete.
2025-04-30 19:33:57.182 +04:00 [INF] 2. Processing buffered orders... 28.2% complete.
2025-04-30 19:33:57.185 +04:00 [INF] 2. Processing buffered orders... 30.8% complete.
2025-04-30 19:33:57.187 +04:00 [INF] 2. Processing buffered orders... 33.3% complete.
2025-04-30 19:33:57.193 +04:00 [INF] 2. Processing buffered orders... 35.9% complete.
2025-04-30 19:33:57.194 +04:00 [INF] 2. Processing buffered orders... 38.5% complete.
2025-04-30 19:33:57.196 +04:00 [WRN] Order ORD-00017 failed pre-validation in file order17_missing_req_field.json: Invalid items: Line item for ProductId 'PRD-10002' has a quantity of (0) for Order ORD-00017.
2025-04-30 19:33:57.196 +04:00 [INF] 2. Processing buffered orders... 41.0% complete.
2025-04-30 19:33:57.198 +04:00 [INF] 2. Processing buffered orders... 43.6% complete.
2025-04-30 19:33:57.200 +04:00 [INF] 2. Processing buffered orders... 46.2% complete.
2025-04-30 19:33:57.203 +04:00 [INF] 2. Processing buffered orders... 48.7% complete.
2025-04-30 19:33:57.207 +04:00 [INF] 2. Processing buffered orders... 51.3% complete.
2025-04-30 19:33:57.209 +04:00 [INF] 2. Processing buffered orders... 53.8% complete.
2025-04-30 19:33:57.211 +04:00 [INF] 2. Processing buffered orders... 56.4% complete.
2025-04-30 19:33:57.213 +04:00 [INF] 2. Processing buffered orders... 59.0% complete.
2025-04-30 19:33:57.214 +04:00 [INF] 2. Processing buffered orders... 61.5% complete.
2025-04-30 19:33:57.216 +04:00 [INF] 2. Processing buffered orders... 64.1% complete.
2025-04-30 19:33:57.218 +04:00 [INF] 2. Processing buffered orders... 66.7% complete.
2025-04-30 19:33:57.221 +04:00 [INF] 2. Processing buffered orders... 69.2% complete.
2025-04-30 19:33:57.225 +04:00 [INF] 2. Processing buffered orders... 71.8% complete.
2025-04-30 19:33:57.227 +04:00 [INF] 2. Processing buffered orders... 74.4% complete.
2025-04-30 19:33:57.228 +04:00 [WRN] Order ORD-00026 failed pre-validation in file order22_MultipleOrders.json: Invalid items: Line item for ProductId 'PRD-10002' has a quantity of (0) for Order ORD-00026.
2025-04-30 19:33:57.229 +04:00 [INF] 2. Processing buffered orders... 76.9% complete.
2025-04-30 19:33:57.230 +04:00 [WRN] Order ORD-00027 failed pre-validation in file order22_MultipleOrders.json: Invalid items: ProductId 'PRD-99999' not found in Product Catalog for Order ORD-00027.
2025-04-30 19:33:57.230 +04:00 [INF] 2. Processing buffered orders... 79.5% complete.
2025-04-30 19:33:57.232 +04:00 [INF] 2. Processing buffered orders... 82.1% complete.
2025-04-30 19:33:57.235 +04:00 [INF] 2. Processing buffered orders... 84.6% complete.
2025-04-30 19:33:57.240 +04:00 [INF] 2. Processing buffered orders... 87.2% complete.
2025-04-30 19:33:57.241 +04:00 [INF] 2. Processing buffered orders... 89.7% complete.
2025-04-30 19:33:57.243 +04:00 [INF] 2. Processing buffered orders... 92.3% complete.
2025-04-30 19:33:57.245 +04:00 [INF] 2. Processing buffered orders... 94.9% complete.
2025-04-30 19:33:57.246 +04:00 [INF] 2. Processing buffered orders... 97.4% complete.
2025-04-30 19:33:57.248 +04:00 [INF] 2. Processing buffered orders... 100.0% complete.
2025-04-30 19:33:57.249 +04:00 [INF] Order processing phase complete.
2025-04-30 19:33:57.255 +04:00 [INF] Starting push of 11 valid orders to queue in 1 batches...
2025-04-30 19:33:57.260 +04:00 [INF] Starting to push 11 valid orders to queue in batches of 50.
2025-04-30 19:33:57.263 +04:00 [INF] Attempting to push sub-batch 1/1 (11 orders: ORD-00021 to ORD-00033)...
2025-04-30 19:33:57.346 +04:00 [INF] Successfully pushed sub-batch 1 (ORD-00021 to ORD-00033). Total pushed so far: 11
2025-04-30 19:33:57.348 +04:00 [INF] Finished attempting to push all orders. Total pushed: 11/11. Failed sub-batches: 0.
2025-04-30 19:33:57.350 +04:00 [INF] Queue push attempts complete.
2025-04-30 19:33:57.352 +04:00 [INF] Aggregating ingredients for 11 valid orders...
2025-04-30 19:33:57.354 +04:00 [INF] Starting ingredient aggregation for 11 valid orders.
2025-04-30 19:33:57.360 +04:00 [INF] Finished ingredient aggregation. Found 7 unique ingredients.
2025-04-30 19:33:57.364 +04:00 [INF] Ingredient aggregation complete. Found 7 unique ingredients.
2025-04-30 19:33:57.366 +04:00 [INF] Batch processing finished in 573 ms.
2025-04-30 19:33:57.368 +04:00 [INF] Displaying final summary...
2025-04-30 19:33:57.372 +04:00 [INF] ==============================================================
2025-04-30 19:33:57.373 +04:00 [INF] BATCH PROCESSING SUMMARY
2025-04-30 19:33:57.375 +04:00 [INF] ==============================================================
2025-04-30 19:33:57.378 +04:00 [INF] 
2025-04-30 19:33:57.380 +04:00 [INF] SUMMARY STATISTICS
2025-04-30 19:33:57.381 +04:00 [INF]   Total Orders Processed: 39
2025-04-30 19:33:57.384 +04:00 [INF]   Valid Orders: 11
2025-04-30 19:33:57.386 +04:00 [INF]   Invalid Orders: 28
2025-04-30 19:33:57.389 +04:00 [INF]   Skipped Line Items: 4
2025-04-30 19:33:57.390 +04:00 [INF] 
2025-04-30 19:33:57.395 +04:00 [INF] ==============================================================
2025-04-30 19:33:57.396 +04:00 [INF] VALID ORDERS (11)
2025-04-30 19:33:57.398 +04:00 [INF] ==============================================================
2025-04-30 19:33:57.402 +04:00 [INF]   Order ID: ORD-00021
2025-04-30 19:33:57.404 +04:00 [INF]   Source File: order21_valid.json
2025-04-30 19:33:57.406 +04:00 [INF]   Total Amount: 14.07 AED
2025-04-30 19:33:57.410 +04:00 [INF]   Items: 2
2025-04-30 19:33:57.412 +04:00 [INF]     * 1 × Margherita
2025-04-30 19:33:57.414 +04:00 [INF]     * 2 × Coke
2025-04-30 19:33:57.423 +04:00 [INF]   Delivery Time: 2025-04-30 16:30:00
2025-04-30 19:33:57.427 +04:00 [INF] --------------------------------------------------------------
2025-04-30 19:33:57.429 +04:00 [INF]   Order ID: ORD-00022
2025-04-30 19:33:57.431 +04:00 [INF]   Source File: order22_MultipleOrders.json
2025-04-30 19:33:57.434 +04:00 [INF]   Total Amount: 14.07 AED
2025-04-30 19:33:57.442 +04:00 [INF]   Items: 2
2025-04-30 19:33:57.444 +04:00 [INF]     * 1 × Margherita
2025-04-30 19:33:57.446 +04:00 [INF]     * 2 × Coke
2025-04-30 19:33:57.449 +04:00 [INF]   Delivery Time: 2025-05-01 10:40:00
2025-04-30 19:33:57.456 +04:00 [INF] --------------------------------------------------------------
2025-04-30 19:33:57.460 +04:00 [INF]   Order ID: ORD-00024
2025-04-30 19:33:57.463 +04:00 [INF]   Source File: order22_MultipleOrders.json
2025-04-30 19:33:57.465 +04:00 [INF]   Total Amount: 12.31 AED
2025-04-30 19:33:57.467 +04:00 [INF]   Items: 1
2025-04-30 19:33:57.476 +04:00 [INF]     * 1 × Pepperoni
2025-04-30 19:33:57.478 +04:00 [INF]   Delivery Time: 2025-05-01 10:40:00
2025-04-30 19:33:57.480 +04:00 [INF] --------------------------------------------------------------
2025-04-30 19:33:57.481 +04:00 [INF]   Order ID: ORD-00025
2025-04-30 19:33:57.483 +04:00 [INF]   Source File: order22_MultipleOrders.json
2025-04-30 19:33:57.489 +04:00 [INF]   Total Amount: 15.17 AED
2025-04-30 19:33:57.490 +04:00 [INF]   Items: 2
2025-04-30 19:33:57.492 +04:00 [INF]     * 1 × Veggie
2025-04-30 19:33:57.494 +04:00 [INF]     * 2 × Coke
2025-04-30 19:33:57.496 +04:00 [INF]   Delivery Time: 2025-05-01 10:40:00
2025-04-30 19:33:57.497 +04:00 [INF] --------------------------------------------------------------
2025-04-30 19:33:57.498 +04:00 [INF]   Order ID: ORD-00029
2025-04-30 19:33:57.500 +04:00 [INF]   Source File: order22_MultipleOrders.json
2025-04-30 19:33:57.505 +04:00 [INF]   Total Amount: 22.20 AED
2025-04-30 19:33:57.507 +04:00 [INF]   Items: 2
2025-04-30 19:33:57.508 +04:00 [INF]     * 1 × Margherita
2025-04-30 19:33:57.510 +04:00 [INF]     * 1 × Pepperoni
2025-04-30 19:33:57.512 +04:00 [INF]   Delivery Time: 2025-05-01 10:40:00
2025-04-30 19:33:57.513 +04:00 [INF] --------------------------------------------------------------
2025-04-30 19:33:57.514 +04:00 [INF]   Order ID: ORD-00033
2025-04-30 19:33:57.518 +04:00 [INF]   Source File: order22_MultipleOrders.json
2025-04-30 19:33:57.522 +04:00 [INF]   Total Amount: 22.20 AED
2025-04-30 19:33:57.524 +04:00 [INF]   Items: 2
2025-04-30 19:33:57.526 +04:00 [INF]     * 1 × Margherita
2025-04-30 19:33:57.528 +04:00 [INF]     * 1 × Pepperoni
2025-04-30 19:33:57.529 +04:00 [INF]   Delivery Time: 2025-05-01 10:40:00
2025-04-30 19:33:57.531 +04:00 [INF] --------------------------------------------------------------
2025-04-30 19:33:57.535 +04:00 [INF]   Order ID: ORD-00040
2025-04-30 19:33:57.537 +04:00 [INF]   Source File: order21_valid.json
2025-04-30 19:33:57.539 +04:00 [INF]   Total Amount: 22.20 AED
2025-04-30 19:33:57.540 +04:00 [INF]   Items: 2
2025-04-30 19:33:57.542 +04:00 [INF]     * 1 × Pepperoni
2025-04-30 19:33:57.544 +04:00 [INF]     * 1 × Margherita
2025-04-30 19:33:57.545 +04:00 [INF]   Delivery Time: 2025-04-30 16:30:00
2025-04-30 19:33:57.547 +04:00 [INF] --------------------------------------------------------------
2025-04-30 19:33:57.551 +04:00 [INF]   Order ID: ORD-00041
2025-04-30 19:33:57.552 +04:00 [INF]   Source File: order21_valid.json
2025-04-30 19:33:57.556 +04:00 [INF]   Total Amount: 15.17 AED
2025-04-30 19:33:57.557 +04:00 [INF]   Items: 2
2025-04-30 19:33:57.558 +04:00 [INF]     * 1 × Veggie
2025-04-30 19:33:57.560 +04:00 [INF]     * 2 × Coke
2025-04-30 19:33:57.562 +04:00 [INF]   Delivery Time: 2025-04-30 16:45:00
2025-04-30 19:33:57.563 +04:00 [INF] --------------------------------------------------------------
2025-04-30 19:33:57.568 +04:00 [INF]   Order ID: ORD-00042
2025-04-30 19:33:57.570 +04:00 [INF]   Source File: order21_valid.json
2025-04-30 19:33:57.572 +04:00 [INF]   Total Amount: 23.30 AED
2025-04-30 19:33:57.574 +04:00 [INF]   Items: 2
2025-04-30 19:33:57.575 +04:00 [INF]     * 1 × Pepperoni
2025-04-30 19:33:57.577 +04:00 [INF]     * 1 × Veggie
2025-04-30 19:33:57.579 +04:00 [INF]   Delivery Time: 2025-04-30 16:45:00
2025-04-30 19:33:57.582 +04:00 [INF] --------------------------------------------------------------
2025-04-30 19:33:57.585 +04:00 [INF]   Order ID: ORD-00043
2025-04-30 19:33:57.586 +04:00 [INF]   Source File: order21_valid.json
2025-04-30 19:33:57.589 +04:00 [INF]   Total Amount: 21.87 AED
2025-04-30 19:33:57.590 +04:00 [INF]   Items: 2
2025-04-30 19:33:57.592 +04:00 [INF]     * 2 × Margherita
2025-04-30 19:33:57.594 +04:00 [INF]     * 1 × Coke
2025-04-30 19:33:57.598 +04:00 [INF]   Delivery Time: 2025-04-30 17:00:00
2025-04-30 19:33:57.601 +04:00 [INF] --------------------------------------------------------------
2025-04-30 19:33:57.604 +04:00 [INF]   Order ID: ORD-00044
2025-04-30 19:33:57.607 +04:00 [INF]   Source File: order21_valid.json
2025-04-30 19:33:57.609 +04:00 [INF]   Total Amount: 22.21 AED
2025-04-30 19:33:57.617 +04:00 [INF]   Items: 2
2025-04-30 19:33:57.620 +04:00 [INF]     * 1 × Pepperoni
2025-04-30 19:33:57.624 +04:00 [INF]     * 10 × Water
2025-04-30 19:33:57.628 +04:00 [INF]   Delivery Time: 2025-04-30 17:00:00
2025-04-30 19:33:57.629 +04:00 [INF] --------------------------------------------------------------
2025-04-30 19:33:57.631 +04:00 [INF] 
2025-04-30 19:33:57.633 +04:00 [INF] ==============================================================
2025-04-30 19:33:57.635 +04:00 [INF] INVALID ORDERS (28)
2025-04-30 19:33:57.638 +04:00 [INF] ==============================================================
2025-04-30 19:33:57.642 +04:00 [INF]   Order ID: ORD-00001 (Source: order01_oldOrder.json)
2025-04-30 19:33:57.645 +04:00 [INF]   Validation Errors:
2025-04-30 19:33:57.649 +04:00 [INF]     * DeliverAt: Delivery time (2024-10-27T11:30:00.0000000Z) must be at least 40 minutes from current time (2025-04-30T15:33:57.1237348+00:00). Earliest allowed: 2025-04-30T16:13:57.1237348+00:00.
2025-04-30 19:33:57.649 +04:00 [INF] --------------------------------------------------------------
2025-04-30 19:33:57.649 +04:00 [INF]   Order ID: ORD-00002 (Source: order02_invalid_address.json)
2025-04-30 19:33:57.652 +04:00 [INF]   Validation Errors:
2025-04-30 19:33:57.652 +04:00 [INF]     * DeliverAt: Delivery time (2024-10-27T11:15:00.0000000Z) must be at least 35 minutes from current time (2025-04-30T15:33:57.1414076+00:00). Earliest allowed: 2025-04-30T16:08:57.1414076+00:00.
2025-04-30 19:33:57.652 +04:00 [INF] --------------------------------------------------------------
2025-04-30 19:33:57.652 +04:00 [INF]   Order ID: ORD-00003 (Source: order03_inconsistent.json)
2025-04-30 19:33:57.655 +04:00 [INF]   Validation Errors:
2025-04-30 19:33:57.655 +04:00 [INF]     * Inconsistent order data: Order ORD-00003: Inconsistent DeliverAt times for product PRD-10001 (10/27/2024 11:00:00 AM) vs product PRD-10003 (10/27/2024 11:30:00 AM).
2025-04-30 19:33:57.655 +04:00 [INF] --------------------------------------------------------------
2025-04-30 19:33:57.655 +04:00 [INF]   Order ID: ORD-00004 (Source: order04_invalid_quantity.json)
2025-04-30 19:33:57.659 +04:00 [INF]   Validation Errors:
2025-04-30 19:33:57.659 +04:00 [INF]     * Invalid items: Line item for ProductId 'PRD-10004' has a quantity of (0) for Order ORD-00004.
2025-04-30 19:33:57.659 +04:00 [INF] --------------------------------------------------------------
2025-04-30 19:33:57.659 +04:00 [INF]   Order ID: ORD-00005 (Source: order05_invalid_date.json)
2025-04-30 19:33:57.660 +04:00 [INF]   Validation Errors:
2025-04-30 19:33:57.661 +04:00 [INF]     * CustomerAddress: Customer address format is invalid.
2025-04-30 19:33:57.661 +04:00 [INF]     * DeliverAt: Delivery time (2024-10-27T09:30:00.0000000Z) must be after or the same as creation time (2024-10-27T10:20:00.0000000Z).
2025-04-30 19:33:57.661 +04:00 [INF]     * DeliverAt: Delivery time (2024-10-27T09:30:00.0000000Z) must be at least 35 minutes from current time (2025-04-30T15:33:57.1617535+00:00). Earliest allowed: 2025-04-30T16:08:57.1617535+00:00.
2025-04-30 19:33:57.661 +04:00 [INF] --------------------------------------------------------------
2025-04-30 19:33:57.661 +04:00 [INF]   Order ID: ORD-00006 (Source: order06_product_not_found.json)
2025-04-30 19:33:57.662 +04:00 [INF]   Validation Errors:
2025-04-30 19:33:57.662 +04:00 [INF]     * Invalid items: ProductId 'PRD-99999' not found in Product Catalog for Order ORD-00006.
2025-04-30 19:33:57.662 +04:00 [INF] --------------------------------------------------------------
2025-04-30 19:33:57.662 +04:00 [INF]   Order ID: ORD-00008 (Source: order08_empty_item.json)
2025-04-30 19:33:57.664 +04:00 [INF]   Validation Errors:
2025-04-30 19:33:57.664 +04:00 [INF]     * DeliverAt: Delivery time (2024-10-27T11:40:00.0000000Z) must be at least 35 minutes from current time (2025-04-30T15:33:57.1652584+00:00). Earliest allowed: 2025-04-30T16:08:57.1652584+00:00.
2025-04-30 19:33:57.664 +04:00 [INF] --------------------------------------------------------------
2025-04-30 19:33:57.664 +04:00 [INF]   Order ID: ORD-00009 (Source: order09_min_amount_fail.json)
2025-04-30 19:33:57.666 +04:00 [INF]   Validation Errors:
2025-04-30 19:33:57.666 +04:00 [INF]     * DeliverAt: Delivery time (2024-10-27T11:45:00.0000000Z) must be at least 35 minutes from current time (2025-04-30T15:33:57.1680453+00:00). Earliest allowed: 2025-04-30T16:08:57.1680453+00:00.
2025-04-30 19:33:57.666 +04:00 [INF]     * TotalAmountIncludingVat: Order total (2.97 AED) is below the minimum required amount (10.00 AED).
2025-04-30 19:33:57.666 +04:00 [INF] --------------------------------------------------------------
2025-04-30 19:33:57.666 +04:00 [INF]   Order ID: ORD-00010 (Source: order10_valid_complex.json)
2025-04-30 19:33:57.668 +04:00 [INF]   Validation Errors:
2025-04-30 19:33:57.669 +04:00 [INF]     * DeliverAt: Delivery time (2024-11-01T19:30:00.0000000Z) must be at least 50 minutes from current time (2025-04-30T15:33:57.1756601+00:00). Earliest allowed: 2025-04-30T16:23:57.1756601+00:00.
2025-04-30 19:33:57.669 +04:00 [INF] --------------------------------------------------------------
2025-04-30 19:33:57.669 +04:00 [INF]   Order ID: ORD-00011 (Source: order11_invalid_too_early.json)
2025-04-30 19:33:57.674 +04:00 [INF]   Validation Errors:
2025-04-30 19:33:57.674 +04:00 [INF]     * DeliverAt: Delivery time (07:00:00) is outside operating hours (08:00:00 - 22:00:00).
2025-04-30 19:33:57.674 +04:00 [INF]     * DeliverAt: Delivery time (2024-11-02T07:00:00.0000000Z) must be at least 35 minutes from current time (2025-04-30T15:33:57.1808376+00:00). Earliest allowed: 2025-04-30T16:08:57.1808376+00:00.
2025-04-30 19:33:57.674 +04:00 [INF]     * TotalAmountIncludingVat: Order total (9.89 AED) is below the minimum required amount (10.00 AED).
2025-04-30 19:33:57.674 +04:00 [INF] --------------------------------------------------------------
2025-04-30 19:33:57.674 +04:00 [INF]   Order ID: ORD-00012 (Source: order12_invalid_too_late.json)
2025-04-30 19:33:57.676 +04:00 [INF]   Validation Errors:
2025-04-30 19:33:57.676 +04:00 [INF]     * CustomerAddress: Customer address format is invalid.
2025-04-30 19:33:57.676 +04:00 [INF]     * DeliverAt: Delivery time (2024-11-02T23:00:00.0000000Z) must be at least 35 minutes from current time (2025-04-30T15:33:57.1826000+00:00). Earliest allowed: 2025-04-30T16:08:57.1826000+00:00.
2025-04-30 19:33:57.676 +04:00 [INF]     * DeliverAt: Delivery time (23:00:00) is outside operating hours (08:00:00 - 22:00:00).
2025-04-30 19:33:57.676 +04:00 [INF]     * TotalAmountIncludingVat: Order total (2.09 AED) is below the minimum required amount (10.00 AED).
2025-04-30 19:33:57.676 +04:00 [INF] --------------------------------------------------------------
2025-04-30 19:33:57.676 +04:00 [INF]   Order ID: ORD-00013 (Source: order13_invalid_prep_time.json)
2025-04-30 19:33:57.678 +04:00 [INF]   Validation Errors:
2025-04-30 19:33:57.678 +04:00 [INF]     * CustomerAddress: Customer address format is invalid.
2025-04-30 19:33:57.678 +04:00 [INF]     * DeliverAt: Delivery time (2024-11-03T14:30:00.0000000Z) must be at least 40 minutes from current time (2025-04-30T15:33:57.1853611+00:00). Earliest allowed: 2025-04-30T16:13:57.1853611+00:00.
2025-04-30 19:33:57.678 +04:00 [INF] --------------------------------------------------------------
2025-04-30 19:33:57.678 +04:00 [INF]   Order ID: ORD-00014 (Source: order14_invalid_max_advance.json)
2025-04-30 19:33:57.680 +04:00 [INF]   Validation Errors:
2025-04-30 19:33:57.680 +04:00 [INF]     * CustomerAddress: Customer address format is invalid.
2025-04-30 19:33:57.680 +04:00 [INF]     * DeliverAt: Delivery time (2024-11-14T12:00:00.0000000Z) must be at least 35 minutes from current time (2025-04-30T15:33:57.1876223+00:00). Earliest allowed: 2025-04-30T16:08:57.1876223+00:00.
2025-04-30 19:33:57.680 +04:00 [INF] --------------------------------------------------------------
2025-04-30 19:33:57.680 +04:00 [INF]   Order ID: ORD-00015 (Source: order15_invalid_qty_limit.json)
2025-04-30 19:33:57.682 +04:00 [INF]   Validation Errors:
2025-04-30 19:33:57.682 +04:00 [INF]     * CustomerAddress: Customer address format is invalid.
2025-04-30 19:33:57.682 +04:00 [INF]     * DeliverAt: Delivery time (2024-11-05T12:00:00.0000000Z) must be at least 35 minutes from current time (2025-04-30T15:33:57.1929909+00:00). Earliest allowed: 2025-04-30T16:08:57.1929909+00:00.
2025-04-30 19:33:57.682 +04:00 [INF]     * Items[0].Quantity: Quantity cannot exceed 100.
2025-04-30 19:33:57.682 +04:00 [INF] --------------------------------------------------------------
2025-04-30 19:33:57.682 +04:00 [INF]   Order ID: ORD-00016 (Source: order16_valid_edge_qty.json)
2025-04-30 19:33:57.684 +04:00 [INF]   Validation Errors:
2025-04-30 19:33:57.684 +04:00 [INF]     * CustomerAddress: Customer address format is invalid.
2025-04-30 19:33:57.684 +04:00 [INF]     * DeliverAt: Delivery time (2024-11-06T14:00:00.0000000Z) must be at least 35 minutes from current time (2025-04-30T15:33:57.1947470+00:00). Earliest allowed: 2025-04-30T16:08:57.1947470+00:00.
2025-04-30 19:33:57.684 +04:00 [INF] --------------------------------------------------------------
2025-04-30 19:33:57.685 +04:00 [INF]   Order ID: ORD-00017 (Source: order17_missing_req_field.json)
2025-04-30 19:33:57.689 +04:00 [INF]   Validation Errors:
2025-04-30 19:33:57.689 +04:00 [INF]     * Invalid items: Line item for ProductId 'PRD-10002' has a quantity of (0) for Order ORD-00017.
2025-04-30 19:33:57.689 +04:00 [INF] --------------------------------------------------------------
2025-04-30 19:33:57.689 +04:00 [INF]   Order ID: ORD-00018 (Source: order18_invalid_addr_format2.json)
2025-04-30 19:33:57.691 +04:00 [INF]   Validation Errors:
2025-04-30 19:33:57.691 +04:00 [INF]     * CustomerAddress: Customer address format is invalid.
2025-04-30 19:33:57.692 +04:00 [INF]     * DeliverAt: Delivery time (2024-11-08T10:30:00.0000000Z) must be at least 35 minutes from current time (2025-04-30T15:33:57.1982915+00:00). Earliest allowed: 2025-04-30T16:08:57.1982915+00:00.
2025-04-30 19:33:57.692 +04:00 [INF]     * TotalAmountIncludingVat: Order total (2.09 AED) is below the minimum required amount (10.00 AED).
2025-04-30 19:33:57.692 +04:00 [INF] --------------------------------------------------------------
2025-04-30 19:33:57.692 +04:00 [INF]   Order ID: ORD-00019 (Source: order19_null_field_value.json)
2025-04-30 19:33:57.693 +04:00 [INF]   Validation Errors:
2025-04-30 19:33:57.693 +04:00 [INF]     * CustomerAddress: Customer address format is invalid.
2025-04-30 19:33:57.693 +04:00 [INF]     * CustomerAddress: Customer address is required.
2025-04-30 19:33:57.693 +04:00 [INF]     * DeliverAt: Delivery time (2024-11-09T13:00:00.0000000Z) must be at least 35 minutes from current time (2025-04-30T15:33:57.2007029+00:00). Earliest allowed: 2025-04-30T16:08:57.2007029+00:00.
2025-04-30 19:33:57.694 +04:00 [INF]     * TotalAmountIncludingVat: Order total (9.89 AED) is below the minimum required amount (10.00 AED).
2025-04-30 19:33:57.694 +04:00 [INF] --------------------------------------------------------------
2025-04-30 19:33:57.694 +04:00 [INF]   Order ID: ORD-00020 (Source: order20_valid_vat_fallback.json)
2025-04-30 19:33:57.695 +04:00 [INF]   Validation Errors:
2025-04-30 19:33:57.695 +04:00 [INF]     * DeliverAt: Delivery time (2024-11-10T17:00:00.0000000Z) must be at least 40 minutes from current time (2025-04-30T15:33:57.2030832+00:00). Earliest allowed: 2025-04-30T16:13:57.2030832+00:00.
2025-04-30 19:33:57.695 +04:00 [INF]     * TotalAmountIncludingVat: Order total (3.08 AED) is below the minimum required amount (10.00 AED).
2025-04-30 19:33:57.695 +04:00 [INF] --------------------------------------------------------------
2025-04-30 19:33:57.695 +04:00 [INF]   Order ID: ORD-00023 (Source: order22_MultipleOrders.json)
2025-04-30 19:33:57.697 +04:00 [INF]   Validation Errors:
2025-04-30 19:33:57.697 +04:00 [INF]     * TotalAmountIncludingVat: Order total (9.89 AED) is below the minimum required amount (10.00 AED).
2025-04-30 19:33:57.697 +04:00 [INF] --------------------------------------------------------------
2025-04-30 19:33:57.697 +04:00 [INF]   Order ID: ORD-00026 (Source: order22_MultipleOrders.json)
2025-04-30 19:33:57.699 +04:00 [INF]   Validation Errors:
2025-04-30 19:33:57.699 +04:00 [INF]     * Invalid items: Line item for ProductId 'PRD-10002' has a quantity of (0) for Order ORD-00026.
2025-04-30 19:33:57.699 +04:00 [INF] --------------------------------------------------------------
2025-04-30 19:33:57.699 +04:00 [INF]   Order ID: ORD-00027 (Source: order22_MultipleOrders.json)
2025-04-30 19:33:57.702 +04:00 [INF]   Validation Errors:
2025-04-30 19:33:57.702 +04:00 [INF]     * Invalid items: ProductId 'PRD-99999' not found in Product Catalog for Order ORD-00027.
2025-04-30 19:33:57.702 +04:00 [INF] --------------------------------------------------------------
2025-04-30 19:33:57.702 +04:00 [INF]   Order ID: ORD-00028 (Source: order22_MultipleOrders.json)
2025-04-30 19:33:57.709 +04:00 [INF]   Validation Errors:
2025-04-30 19:33:57.709 +04:00 [INF]     * Items[0].Quantity: Quantity cannot exceed 100.
2025-04-30 19:33:57.709 +04:00 [INF] --------------------------------------------------------------
2025-04-30 19:33:57.709 +04:00 [INF]   Order ID: ORD-00030 (Source: order22_MultipleOrders.json)
2025-04-30 19:33:57.711 +04:00 [INF]   Validation Errors:
2025-04-30 19:33:57.711 +04:00 [INF]     * TotalAmountIncludingVat: Order total (2.09 AED) is below the minimum required amount (10.00 AED).
2025-04-30 19:33:57.711 +04:00 [INF] --------------------------------------------------------------
2025-04-30 19:33:57.712 +04:00 [INF]   Order ID: ORD-00031 (Source: order22_MultipleOrders.json)
2025-04-30 19:33:57.714 +04:00 [INF]   Validation Errors:
2025-04-30 19:33:57.714 +04:00 [INF]     * TotalAmountIncludingVat: Order total (9.89 AED) is below the minimum required amount (10.00 AED).
2025-04-30 19:33:57.714 +04:00 [INF] --------------------------------------------------------------
2025-04-30 19:33:57.714 +04:00 [INF]   Order ID: ORD-00032 (Source: order22_MultipleOrders.json)
2025-04-30 19:33:57.717 +04:00 [INF]   Validation Errors:
2025-04-30 19:33:57.717 +04:00 [INF]     * TotalAmountIncludingVat: Order total (9.89 AED) is below the minimum required amount (10.00 AED).
2025-04-30 19:33:57.718 +04:00 [INF] --------------------------------------------------------------
2025-04-30 19:33:57.718 +04:00 [INF]   Order ID: ORD-00034 (Source: order22_MultipleOrders.json)
2025-04-30 19:33:57.724 +04:00 [INF]   Validation Errors:
2025-04-30 19:33:57.724 +04:00 [INF]     * TotalAmountIncludingVat: Order total (9.89 AED) is below the minimum required amount (10.00 AED).
2025-04-30 19:33:57.724 +04:00 [INF] --------------------------------------------------------------
2025-04-30 19:33:57.725 +04:00 [INF]   Order ID: ORD-00035 (Source: order22_MultipleOrders.json)
2025-04-30 19:33:57.726 +04:00 [INF]   Validation Errors:
2025-04-30 19:33:57.727 +04:00 [INF]     * CustomerAddress: Customer address format is invalid.
2025-04-30 19:33:57.727 +04:00 [INF]     * CustomerAddress: Customer address is required.
2025-04-30 19:33:57.727 +04:00 [INF]     * TotalAmountIncludingVat: Order total (9.89 AED) is below the minimum required amount (10.00 AED).
2025-04-30 19:33:57.727 +04:00 [INF] --------------------------------------------------------------
2025-04-30 19:33:57.727 +04:00 [INF] 
2025-04-30 19:33:57.728 +04:00 [INF]   Check logs for validation failures
2025-04-30 19:33:57.730 +04:00 [INF] 
2025-04-30 19:33:57.745 +04:00 [INF] ==============================================================
2025-04-30 19:33:57.747 +04:00 [INF] REQUIRED INGREDIENTS
2025-04-30 19:33:57.749 +04:00 [INF] ==============================================================
2025-04-30 19:33:57.772 +04:00 [INF]   Dough       :     400.00 grams
2025-04-30 19:33:57.782 +04:00 [INF]   Mozzarella  :     240.00 grams
2025-04-30 19:33:57.787 +04:00 [INF]   Mushrooms   :      55.50 grams
2025-04-30 19:33:57.792 +04:00 [INF]   Pepperoni   :     120.00 grams
2025-04-30 19:33:57.794 +04:00 [INF]   Peppers     :      49.50 grams
2025-04-30 19:33:57.799 +04:00 [INF]   Tomato Sauce:     205.00 grams
2025-04-30 19:33:57.806 +04:00 [INF]   Water       :   2,250.00 grams
2025-04-30 19:33:57.810 +04:00 [INF] --------------------------------------------------------------
2025-04-30 19:33:57.813 +04:00 [INF] 
2025-04-30 19:33:57.816 +04:00 [INF] NOTE: 4 line item(s) were skipped during file parsing.
2025-04-30 19:33:57.822 +04:00 [INF]       Check logs for details on skipped items.
2025-04-30 19:33:57.824 +04:00 [INF] 
2025-04-30 19:33:57.826 +04:00 [INF] ==============================================================
2025-04-30 19:33:57.829 +04:00 [INF] END OF SUMMARY
2025-04-30 19:33:57.830 +04:00 [INF] ==============================================================
2025-04-30 19:34:02.845 +04:00 [INF] Application run completed.
2025-04-30 21:25:34.423 +04:00 [INF] Host configured. Starting application run...
2025-04-30 21:25:34.498 +04:00 [INF] Resolved product catalog path to: C:\Pizzreia_Order_Processor\PizzeriaOrderProcessor\bin\Debug\net9.0\products.json
2025-04-30 21:25:34.504 +04:00 [INF] Loading Product Catalog...
2025-04-30 21:25:34.568 +04:00 [INF] Successfully deserialized 5 products from C:\Pizzreia_Order_Processor\PizzeriaOrderProcessor\bin\Debug\net9.0\products.json
2025-04-30 21:25:34.585 +04:00 [INF] Product catalog loaded and frozen successfully from C:\Pizzreia_Order_Processor\PizzeriaOrderProcessor\bin\Debug\net9.0\products.json. Contains 5 unique products.
2025-04-30 21:25:34.590 +04:00 [INF] Product Catalog loaded successfully.
2025-04-30 21:25:34.592 +04:00 [INF] Resolved ingredient mappings path to: C:\Pizzreia_Order_Processor\PizzeriaOrderProcessor\bin\Debug\net9.0\ingredients.json
2025-04-30 21:25:34.594 +04:00 [INF] Loading Ingredient Mappings...
2025-04-30 21:25:34.604 +04:00 [INF] Successfully deserialized 5 ingredient mappings from C:\Pizzreia_Order_Processor\PizzeriaOrderProcessor\bin\Debug\net9.0\ingredients.json
2025-04-30 21:25:34.610 +04:00 [INF] Ingredient mappings loaded and frozen successfully from C:\Pizzreia_Order_Processor\PizzeriaOrderProcessor\bin\Debug\net9.0\ingredients.json. Contains mappings for 5 unique products.
2025-04-30 21:25:34.612 +04:00 [INF] Ingredient Mappings loaded successfully.
2025-04-30 21:25:34.613 +04:00 [INF] No files specified. Found 22 order JSON files in directory: C:\Pizzreia_Order_Processor\PizzeriaOrderProcessor\bin\Debug\net9.0\
2025-04-30 21:25:34.711 +04:00 [INF] MockQueue initialized with 20 % failure probability.
2025-04-30 21:25:34.728 +04:00 [INF] BatchQueuePusher initialized with push batch size 50.
2025-04-30 21:25:34.733 +04:00 [INF] OrderProcessingOrchestrator initialized.
2025-04-30 21:25:34.739 +04:00 [INF] Starting order batch processing for 22 file(s)...
2025-04-30 21:25:34.742 +04:00 [INF] 1. Buffering order files... 0%
2025-04-30 21:25:34.747 +04:00 [INF] Starting order file buffering process for 22 file(s).
2025-04-30 21:25:34.752 +04:00 [INF] Processing file: C:\Pizzreia_Order_Processor\PizzeriaOrderProcessor\bin\Debug\net9.0\order01_oldOrder.json
2025-04-30 21:25:34.778 +04:00 [INF] Finished processing file: C:\Pizzreia_Order_Processor\PizzeriaOrderProcessor\bin\Debug\net9.0\order01_oldOrder.json. Skipped items in this file: 0. Fatal JSON error: false
2025-04-30 21:25:34.784 +04:00 [INF] Processing file: C:\Pizzreia_Order_Processor\PizzeriaOrderProcessor\bin\Debug\net9.0\order02_invalid_address.json
2025-04-30 21:25:34.790 +04:00 [INF] Finished processing file: C:\Pizzreia_Order_Processor\PizzeriaOrderProcessor\bin\Debug\net9.0\order02_invalid_address.json. Skipped items in this file: 0. Fatal JSON error: false
2025-04-30 21:25:34.797 +04:00 [INF] Processing file: C:\Pizzreia_Order_Processor\PizzeriaOrderProcessor\bin\Debug\net9.0\order03_inconsistent.json
2025-04-30 21:25:34.829 +04:00 [INF] Finished processing file: C:\Pizzreia_Order_Processor\PizzeriaOrderProcessor\bin\Debug\net9.0\order03_inconsistent.json. Skipped items in this file: 0. Fatal JSON error: false
2025-04-30 21:25:34.840 +04:00 [INF] Processing file: C:\Pizzreia_Order_Processor\PizzeriaOrderProcessor\bin\Debug\net9.0\order04_invalid_quantity.json
2025-04-30 21:25:34.844 +04:00 [INF] Finished processing file: C:\Pizzreia_Order_Processor\PizzeriaOrderProcessor\bin\Debug\net9.0\order04_invalid_quantity.json. Skipped items in this file: 0. Fatal JSON error: false
2025-04-30 21:25:34.848 +04:00 [INF] Processing file: C:\Pizzreia_Order_Processor\PizzeriaOrderProcessor\bin\Debug\net9.0\order05_invalid_date.json
2025-04-30 21:25:34.859 +04:00 [INF] Finished processing file: C:\Pizzreia_Order_Processor\PizzeriaOrderProcessor\bin\Debug\net9.0\order05_invalid_date.json. Skipped items in this file: 0. Fatal JSON error: false
2025-04-30 21:25:34.866 +04:00 [INF] Processing file: C:\Pizzreia_Order_Processor\PizzeriaOrderProcessor\bin\Debug\net9.0\order06_product_not_found.json
2025-04-30 21:25:34.870 +04:00 [INF] Finished processing file: C:\Pizzreia_Order_Processor\PizzeriaOrderProcessor\bin\Debug\net9.0\order06_product_not_found.json. Skipped items in this file: 0. Fatal JSON error: false
2025-04-30 21:25:34.877 +04:00 [INF] Processing file: C:\Pizzreia_Order_Processor\PizzeriaOrderProcessor\bin\Debug\net9.0\order07_malformed_item.json
2025-04-30 21:25:34.893 +04:00 [ERR] Malformed JSON in C:\Pizzreia_Order_Processor\PizzeriaOrderProcessor\bin\Debug\net9.0\order07_malformed_item.json – skipping file.
System.Text.Json.JsonException: The JSON value could not be converted to System.Int32. Path: $[1].Quantity | LineNumber: 12 | BytePositionInLine: 21.
 ---> System.InvalidOperationException: Cannot get the value of a token type 'String' as a number.
   at System.Text.Json.ThrowHelper.ThrowInvalidOperationException_ExpectedNumber(JsonTokenType tokenType)
   at System.Text.Json.Utf8JsonReader.TryGetInt32(Int32& value)
   at System.Text.Json.Serialization.Metadata.JsonPropertyInfo`1.ReadJsonAndSetMember(Object obj, ReadStack& state, Utf8JsonReader& reader)
   at System.Text.Json.Serialization.Converters.ObjectDefaultConverter`1.OnTryRead(Utf8JsonReader& reader, Type typeToConvert, JsonSerializerOptions options, ReadStack& state, T& value)
   at System.Text.Json.Serialization.JsonConverter`1.TryRead(Utf8JsonReader& reader, Type typeToConvert, JsonSerializerOptions options, ReadStack& state, T& value, Boolean& isPopulatedValue)
   at System.Text.Json.Serialization.JsonCollectionConverter`2.OnTryRead(Utf8JsonReader& reader, Type typeToConvert, JsonSerializerOptions options, ReadStack& state, TCollection& value)
   at System.Text.Json.Serialization.JsonConverter`1.TryRead(Utf8JsonReader& reader, Type typeToConvert, JsonSerializerOptions options, ReadStack& state, T& value, Boolean& isPopulatedValue)
   at System.Text.Json.Serialization.JsonConverter`1.ReadCore(Utf8JsonReader& reader, T& value, JsonSerializerOptions options, ReadStack& state)
   --- End of inner exception stack trace ---
   at System.Text.Json.ThrowHelper.ReThrowWithPath(ReadStack& state, Utf8JsonReader& reader, Exception ex)
   at System.Text.Json.Serialization.JsonConverter`1.ReadCore(Utf8JsonReader& reader, T& value, JsonSerializerOptions options, ReadStack& state)
   at System.Text.Json.Serialization.Metadata.JsonTypeInfo`1.ContinueDeserialize(ReadBufferState& bufferState, JsonReaderState& jsonReaderState, ReadStack& readStack, T& value)
   at System.Text.Json.JsonSerializer.<DeserializeAsyncEnumerableCore>g__CreateAsyncEnumerableFromArray|92_0[T](Stream utf8Json, JsonTypeInfo`1 listTypeInfo, JsonReaderOptions readerOptions, CancellationToken cancellationToken)+MoveNext()
   at PizzeriaOrderProcessor.Application.Services.Implementations.OrderBatchProcessor.ProcessSingleFileAsync(String filePath, Dictionary`2 orderLineBuffer, CancellationToken cancellationToken) in C:\Pizzreia_Order_Processor\PizzeriaOrderProcessor\Application\Services\Implementations\OrderBatchProcessor.cs:line 70
   at PizzeriaOrderProcessor.Application.Services.Implementations.OrderBatchProcessor.ProcessSingleFileAsync(String filePath, Dictionary`2 orderLineBuffer, CancellationToken cancellationToken) in C:\Pizzreia_Order_Processor\PizzeriaOrderProcessor\Application\Services\Implementations\OrderBatchProcessor.cs:line 70
   at PizzeriaOrderProcessor.Application.Services.Implementations.OrderBatchProcessor.ProcessSingleFileAsync(String filePath, Dictionary`2 orderLineBuffer, CancellationToken cancellationToken) in C:\Pizzreia_Order_Processor\PizzeriaOrderProcessor\Application\Services\Implementations\OrderBatchProcessor.cs:line 70
2025-04-30 21:25:34.914 +04:00 [INF] Finished processing file: C:\Pizzreia_Order_Processor\PizzeriaOrderProcessor\bin\Debug\net9.0\order07_malformed_item.json. Skipped items in this file: 1. Fatal JSON error: false
2025-04-30 21:25:34.917 +04:00 [INF] Processing file: C:\Pizzreia_Order_Processor\PizzeriaOrderProcessor\bin\Debug\net9.0\order08_empty_item.json
2025-04-30 21:25:34.962 +04:00 [WRN] Skipping order line item with missing or invalid format OrderId ('') in file: C:\Pizzreia_Order_Processor\PizzeriaOrderProcessor\bin\Debug\net9.0\order08_empty_item.json. Data: {"OrderId":"","ProductId":"","Quantity":0,"DeliverAt":"0001-01-01T00:00:00.0000000","CreatedAt":"0001-01-01T00:00:00.0000000","CustomerAddress":"","$type":"RawOrderLineItem"}
2025-04-30 21:25:34.966 +04:00 [INF] Finished processing file: C:\Pizzreia_Order_Processor\PizzeriaOrderProcessor\bin\Debug\net9.0\order08_empty_item.json. Skipped items in this file: 1. Fatal JSON error: false
2025-04-30 21:25:34.979 +04:00 [INF] Processing file: C:\Pizzreia_Order_Processor\PizzeriaOrderProcessor\bin\Debug\net9.0\order09_min_amount_fail.json
2025-04-30 21:25:34.986 +04:00 [INF] Finished processing file: C:\Pizzreia_Order_Processor\PizzeriaOrderProcessor\bin\Debug\net9.0\order09_min_amount_fail.json. Skipped items in this file: 0. Fatal JSON error: false
2025-04-30 21:25:34.990 +04:00 [INF] Processing file: C:\Pizzreia_Order_Processor\PizzeriaOrderProcessor\bin\Debug\net9.0\order10_valid_complex.json
2025-04-30 21:25:34.993 +04:00 [INF] Finished processing file: C:\Pizzreia_Order_Processor\PizzeriaOrderProcessor\bin\Debug\net9.0\order10_valid_complex.json. Skipped items in this file: 0. Fatal JSON error: false
2025-04-30 21:25:34.997 +04:00 [INF] Processing file: C:\Pizzreia_Order_Processor\PizzeriaOrderProcessor\bin\Debug\net9.0\order11_invalid_too_early.json
2025-04-30 21:25:35.007 +04:00 [INF] Finished processing file: C:\Pizzreia_Order_Processor\PizzeriaOrderProcessor\bin\Debug\net9.0\order11_invalid_too_early.json. Skipped items in this file: 0. Fatal JSON error: false
2025-04-30 21:25:35.011 +04:00 [INF] Processing file: C:\Pizzreia_Order_Processor\PizzeriaOrderProcessor\bin\Debug\net9.0\order12_invalid_too_late.json
2025-04-30 21:25:35.014 +04:00 [INF] Finished processing file: C:\Pizzreia_Order_Processor\PizzeriaOrderProcessor\bin\Debug\net9.0\order12_invalid_too_late.json. Skipped items in this file: 0. Fatal JSON error: false
2025-04-30 21:25:35.019 +04:00 [INF] Processing file: C:\Pizzreia_Order_Processor\PizzeriaOrderProcessor\bin\Debug\net9.0\order13_invalid_prep_time.json
2025-04-30 21:25:35.029 +04:00 [INF] Finished processing file: C:\Pizzreia_Order_Processor\PizzeriaOrderProcessor\bin\Debug\net9.0\order13_invalid_prep_time.json. Skipped items in this file: 0. Fatal JSON error: false
2025-04-30 21:25:35.035 +04:00 [INF] Processing file: C:\Pizzreia_Order_Processor\PizzeriaOrderProcessor\bin\Debug\net9.0\order14_invalid_max_advance.json
2025-04-30 21:25:35.039 +04:00 [INF] Finished processing file: C:\Pizzreia_Order_Processor\PizzeriaOrderProcessor\bin\Debug\net9.0\order14_invalid_max_advance.json. Skipped items in this file: 0. Fatal JSON error: false
2025-04-30 21:25:35.042 +04:00 [INF] Processing file: C:\Pizzreia_Order_Processor\PizzeriaOrderProcessor\bin\Debug\net9.0\order15_invalid_qty_limit.json
2025-04-30 21:25:35.045 +04:00 [INF] Finished processing file: C:\Pizzreia_Order_Processor\PizzeriaOrderProcessor\bin\Debug\net9.0\order15_invalid_qty_limit.json. Skipped items in this file: 0. Fatal JSON error: false
2025-04-30 21:25:35.049 +04:00 [INF] Processing file: C:\Pizzreia_Order_Processor\PizzeriaOrderProcessor\bin\Debug\net9.0\order16_valid_edge_qty.json
2025-04-30 21:25:35.053 +04:00 [INF] Finished processing file: C:\Pizzreia_Order_Processor\PizzeriaOrderProcessor\bin\Debug\net9.0\order16_valid_edge_qty.json. Skipped items in this file: 0. Fatal JSON error: false
2025-04-30 21:25:35.059 +04:00 [INF] Processing file: C:\Pizzreia_Order_Processor\PizzeriaOrderProcessor\bin\Debug\net9.0\order17_missing_req_field.json
2025-04-30 21:25:35.061 +04:00 [INF] Finished processing file: C:\Pizzreia_Order_Processor\PizzeriaOrderProcessor\bin\Debug\net9.0\order17_missing_req_field.json. Skipped items in this file: 0. Fatal JSON error: false
2025-04-30 21:25:35.066 +04:00 [INF] Processing file: C:\Pizzreia_Order_Processor\PizzeriaOrderProcessor\bin\Debug\net9.0\order18_invalid_addr_format2.json
2025-04-30 21:25:35.069 +04:00 [INF] Finished processing file: C:\Pizzreia_Order_Processor\PizzeriaOrderProcessor\bin\Debug\net9.0\order18_invalid_addr_format2.json. Skipped items in this file: 0. Fatal JSON error: false
2025-04-30 21:25:35.073 +04:00 [INF] Processing file: C:\Pizzreia_Order_Processor\PizzeriaOrderProcessor\bin\Debug\net9.0\order19_null_field_value.json
2025-04-30 21:25:35.076 +04:00 [INF] Finished processing file: C:\Pizzreia_Order_Processor\PizzeriaOrderProcessor\bin\Debug\net9.0\order19_null_field_value.json. Skipped items in this file: 0. Fatal JSON error: false
2025-04-30 21:25:35.101 +04:00 [INF] Processing file: C:\Pizzreia_Order_Processor\PizzeriaOrderProcessor\bin\Debug\net9.0\order20_valid_vat_fallback.json
2025-04-30 21:25:35.114 +04:00 [INF] Finished processing file: C:\Pizzreia_Order_Processor\PizzeriaOrderProcessor\bin\Debug\net9.0\order20_valid_vat_fallback.json. Skipped items in this file: 0. Fatal JSON error: false
2025-04-30 21:25:35.161 +04:00 [INF] Processing file: C:\Pizzreia_Order_Processor\PizzeriaOrderProcessor\bin\Debug\net9.0\order21_valid.json
2025-04-30 21:25:35.197 +04:00 [INF] Finished processing file: C:\Pizzreia_Order_Processor\PizzeriaOrderProcessor\bin\Debug\net9.0\order21_valid.json. Skipped items in this file: 0. Fatal JSON error: false
2025-04-30 21:25:35.201 +04:00 [INF] Processing file: C:\Pizzreia_Order_Processor\PizzeriaOrderProcessor\bin\Debug\net9.0\order22_MultipleOrders.json
2025-04-30 21:25:35.210 +04:00 [WRN] Skipping order line item with missing or invalid format ProductId ('null') in file: C:\Pizzreia_Order_Processor\PizzeriaOrderProcessor\bin\Debug\net9.0\order22_MultipleOrders.json. Data: {"OrderId":"ORD-00036","ProductId":null,"Quantity":1,"DeliverAt":"2025-05-01T10:40:00.0000000Z","CreatedAt":"2025-05-01T10:00:00.0000000Z","CustomerAddress":"123 Main Street, Anytown, CA 90210","$type":"RawOrderLineItem"}
2025-04-30 21:25:35.211 +04:00 [WRN] Skipping order line item with missing or invalid format OrderId ('null') in file: C:\Pizzreia_Order_Processor\PizzeriaOrderProcessor\bin\Debug\net9.0\order22_MultipleOrders.json. Data: {"OrderId":null,"ProductId":"PRD-10001","Quantity":1,"DeliverAt":"2025-05-01T10:40:00.0000000Z","CreatedAt":"2025-05-01T10:00:00.0000000Z","CustomerAddress":"123 Main Street, Anytown, CA 90210","$type":"RawOrderLineItem"}
2025-04-30 21:25:35.211 +04:00 [INF] Finished processing file: C:\Pizzreia_Order_Processor\PizzeriaOrderProcessor\bin\Debug\net9.0\order22_MultipleOrders.json. Skipped items in this file: 2. Fatal JSON error: false
2025-04-30 21:25:35.214 +04:00 [INF] Finished buffering all files. Buffered 39 unique OrderIds. Total skipped line items across all files: 4
2025-04-30 21:25:35.218 +04:00 [INF] 1. Buffering order files... 100%
2025-04-30 21:25:35.222 +04:00 [INF] File buffering complete. Buffered 39 unique OrderIds. Skipped 4 items.
2025-04-30 21:25:35.229 +04:00 [INF] Starting processing of 39 buffered orders...
2025-04-30 21:25:35.231 +04:00 [INF] 2. Processing buffered orders... 0.0%
2025-04-30 21:25:35.401 +04:00 [INF] 2. Processing buffered orders... 2.6% complete.
2025-04-30 21:25:35.410 +04:00 [INF] 2. Processing buffered orders... 5.1% complete.
2025-04-30 21:25:35.427 +04:00 [WRN] Order ORD-00003 failed pre-validation in file order03_inconsistent.json: Inconsistent order data: Order ORD-00003: Inconsistent DeliverAt times for product PRD-10001 (10/27/2024 11:00:00 AM) vs product PRD-10003 (10/27/2024 11:30:00 AM).
2025-04-30 21:25:35.428 +04:00 [INF] 2. Processing buffered orders... 7.7% complete.
2025-04-30 21:25:35.430 +04:00 [WRN] Order ORD-00004 failed pre-validation in file order04_invalid_quantity.json: Invalid items: Line item for ProductId 'PRD-10004' has a quantity of (0) for Order ORD-00004.
2025-04-30 21:25:35.430 +04:00 [INF] 2. Processing buffered orders... 10.3% complete.
2025-04-30 21:25:35.435 +04:00 [INF] 2. Processing buffered orders... 12.8% complete.
2025-04-30 21:25:35.438 +04:00 [WRN] Order ORD-00006 failed pre-validation in file order06_product_not_found.json: Invalid items: ProductId 'PRD-99999' not found in Product Catalog for Order ORD-00006.
2025-04-30 21:25:35.438 +04:00 [INF] 2. Processing buffered orders... 15.4% complete.
2025-04-30 21:25:35.440 +04:00 [INF] 2. Processing buffered orders... 17.9% complete.
2025-04-30 21:25:35.453 +04:00 [INF] 2. Processing buffered orders... 20.5% complete.
2025-04-30 21:25:35.457 +04:00 [INF] 2. Processing buffered orders... 23.1% complete.
2025-04-30 21:25:35.462 +04:00 [INF] 2. Processing buffered orders... 25.6% complete.
2025-04-30 21:25:35.463 +04:00 [INF] 2. Processing buffered orders... 28.2% complete.
2025-04-30 21:25:35.465 +04:00 [INF] 2. Processing buffered orders... 30.8% complete.
2025-04-30 21:25:35.468 +04:00 [INF] 2. Processing buffered orders... 33.3% complete.
2025-04-30 21:25:35.474 +04:00 [INF] 2. Processing buffered orders... 35.9% complete.
2025-04-30 21:25:35.476 +04:00 [INF] 2. Processing buffered orders... 38.5% complete.
2025-04-30 21:25:35.477 +04:00 [WRN] Order ORD-00017 failed pre-validation in file order17_missing_req_field.json: Invalid items: Line item for ProductId 'PRD-10002' has a quantity of (0) for Order ORD-00017.
2025-04-30 21:25:35.477 +04:00 [INF] 2. Processing buffered orders... 41.0% complete.
2025-04-30 21:25:35.479 +04:00 [INF] 2. Processing buffered orders... 43.6% complete.
2025-04-30 21:25:35.481 +04:00 [INF] 2. Processing buffered orders... 46.2% complete.
2025-04-30 21:25:35.484 +04:00 [INF] 2. Processing buffered orders... 48.7% complete.
2025-04-30 21:25:35.487 +04:00 [INF] 2. Processing buffered orders... 51.3% complete.
2025-04-30 21:25:35.491 +04:00 [INF] 2. Processing buffered orders... 53.8% complete.
2025-04-30 21:25:35.493 +04:00 [INF] 2. Processing buffered orders... 56.4% complete.
2025-04-30 21:25:35.495 +04:00 [INF] 2. Processing buffered orders... 59.0% complete.
2025-04-30 21:25:35.497 +04:00 [INF] 2. Processing buffered orders... 61.5% complete.
2025-04-30 21:25:35.498 +04:00 [INF] 2. Processing buffered orders... 64.1% complete.
2025-04-30 21:25:35.500 +04:00 [INF] 2. Processing buffered orders... 66.7% complete.
2025-04-30 21:25:35.502 +04:00 [INF] 2. Processing buffered orders... 69.2% complete.
2025-04-30 21:25:35.507 +04:00 [INF] 2. Processing buffered orders... 71.8% complete.
2025-04-30 21:25:35.508 +04:00 [INF] 2. Processing buffered orders... 74.4% complete.
2025-04-30 21:25:35.510 +04:00 [WRN] Order ORD-00026 failed pre-validation in file order22_MultipleOrders.json: Invalid items: Line item for ProductId 'PRD-10002' has a quantity of (0) for Order ORD-00026.
2025-04-30 21:25:35.510 +04:00 [INF] 2. Processing buffered orders... 76.9% complete.
2025-04-30 21:25:35.511 +04:00 [WRN] Order ORD-00027 failed pre-validation in file order22_MultipleOrders.json: Invalid items: ProductId 'PRD-99999' not found in Product Catalog for Order ORD-00027.
2025-04-30 21:25:35.511 +04:00 [INF] 2. Processing buffered orders... 79.5% complete.
2025-04-30 21:25:35.513 +04:00 [INF] 2. Processing buffered orders... 82.1% complete.
2025-04-30 21:25:35.515 +04:00 [INF] 2. Processing buffered orders... 84.6% complete.
2025-04-30 21:25:35.516 +04:00 [INF] 2. Processing buffered orders... 87.2% complete.
2025-04-30 21:25:35.518 +04:00 [INF] 2. Processing buffered orders... 89.7% complete.
2025-04-30 21:25:35.524 +04:00 [INF] 2. Processing buffered orders... 92.3% complete.
2025-04-30 21:25:35.526 +04:00 [INF] 2. Processing buffered orders... 94.9% complete.
2025-04-30 21:25:35.528 +04:00 [INF] 2. Processing buffered orders... 97.4% complete.
2025-04-30 21:25:35.529 +04:00 [INF] 2. Processing buffered orders... 100.0% complete.
2025-04-30 21:25:35.531 +04:00 [INF] Order processing phase complete.
2025-04-30 21:25:35.534 +04:00 [INF] Starting push of 5 valid orders to queue in 1 batches...
2025-04-30 21:25:35.543 +04:00 [INF] Starting to push 5 valid orders to queue in batches of 50.
2025-04-30 21:25:35.546 +04:00 [INF] Attempting to push sub-batch 1/1 (5 orders: ORD-00022 to ORD-00033)...
2025-04-30 21:25:35.758 +04:00 [INF] Successfully pushed sub-batch 1 (ORD-00022 to ORD-00033). Total pushed so far: 5
2025-04-30 21:25:35.760 +04:00 [INF] Finished attempting to push all orders. Total pushed: 5/5. Failed sub-batches: 0.
2025-04-30 21:25:35.762 +04:00 [INF] Queue push attempts complete.
2025-04-30 21:25:35.764 +04:00 [INF] Aggregating ingredients for 5 valid orders...
2025-04-30 21:25:35.767 +04:00 [INF] Starting ingredient aggregation for 5 valid orders.
2025-04-30 21:25:35.775 +04:00 [INF] Finished ingredient aggregation. Found 7 unique ingredients.
2025-04-30 21:25:35.777 +04:00 [INF] Ingredient aggregation complete. Found 7 unique ingredients.
2025-04-30 21:25:35.779 +04:00 [INF] Batch processing finished in 1,039 ms.
2025-04-30 21:25:35.780 +04:00 [INF] Displaying final summary...
2025-04-30 21:25:35.782 +04:00 [INF] ==============================================================
2025-04-30 21:25:35.784 +04:00 [INF] BATCH PROCESSING SUMMARY
2025-04-30 21:25:35.786 +04:00 [INF] ==============================================================
2025-04-30 21:25:35.787 +04:00 [INF] 
2025-04-30 21:25:35.791 +04:00 [INF] SUMMARY STATISTICS
2025-04-30 21:25:35.792 +04:00 [INF]   Total Orders Processed: 39
2025-04-30 21:25:35.794 +04:00 [INF]   Valid Orders: 5
2025-04-30 21:25:35.795 +04:00 [INF]   Invalid Orders: 34
2025-04-30 21:25:35.797 +04:00 [INF]   Skipped Line Items: 4
2025-04-30 21:25:35.798 +04:00 [INF] 
2025-04-30 21:25:35.801 +04:00 [INF] ==============================================================
2025-04-30 21:25:35.802 +04:00 [INF] VALID ORDERS (5)
2025-04-30 21:25:35.807 +04:00 [INF] ==============================================================
2025-04-30 21:25:35.810 +04:00 [INF]   Order ID: ORD-00022
2025-04-30 21:25:35.812 +04:00 [INF]   Source File: order22_MultipleOrders.json
2025-04-30 21:25:35.813 +04:00 [INF]   Total Amount: 14.07 AED
2025-04-30 21:25:35.816 +04:00 [INF]   Items: 2
2025-04-30 21:25:35.819 +04:00 [INF]     * 1 × Margherita
2025-04-30 21:25:35.824 +04:00 [INF]     * 2 × Coke
2025-04-30 21:25:35.825 +04:00 [INF]   Delivery Time: 2025-05-01 10:40:00
2025-04-30 21:25:35.827 +04:00 [INF] --------------------------------------------------------------
2025-04-30 21:25:35.829 +04:00 [INF]   Order ID: ORD-00024
2025-04-30 21:25:35.830 +04:00 [INF]   Source File: order22_MultipleOrders.json
2025-04-30 21:25:35.831 +04:00 [INF]   Total Amount: 12.31 AED
2025-04-30 21:25:35.833 +04:00 [INF]   Items: 1
2025-04-30 21:25:35.835 +04:00 [INF]     * 1 × Pepperoni
2025-04-30 21:25:35.840 +04:00 [INF]   Delivery Time: 2025-05-01 10:40:00
2025-04-30 21:25:35.841 +04:00 [INF] --------------------------------------------------------------
2025-04-30 21:25:35.843 +04:00 [INF]   Order ID: ORD-00025
2025-04-30 21:25:35.844 +04:00 [INF]   Source File: order22_MultipleOrders.json
2025-04-30 21:25:35.846 +04:00 [INF]   Total Amount: 15.17 AED
2025-04-30 21:25:35.848 +04:00 [INF]   Items: 2
2025-04-30 21:25:35.851 +04:00 [INF]     * 1 × Veggie
2025-04-30 21:25:35.856 +04:00 [INF]     * 2 × Coke
2025-04-30 21:25:35.858 +04:00 [INF]   Delivery Time: 2025-05-01 10:40:00
2025-04-30 21:25:35.860 +04:00 [INF] --------------------------------------------------------------
2025-04-30 21:25:35.861 +04:00 [INF]   Order ID: ORD-00029
2025-04-30 21:25:35.863 +04:00 [INF]   Source File: order22_MultipleOrders.json
2025-04-30 21:25:35.865 +04:00 [INF]   Total Amount: 22.20 AED
2025-04-30 21:25:35.868 +04:00 [INF]   Items: 2
2025-04-30 21:25:35.871 +04:00 [INF]     * 1 × Margherita
2025-04-30 21:25:35.872 +04:00 [INF]     * 1 × Pepperoni
2025-04-30 21:25:35.874 +04:00 [INF]   Delivery Time: 2025-05-01 10:40:00
2025-04-30 21:25:35.875 +04:00 [INF] --------------------------------------------------------------
2025-04-30 21:25:35.876 +04:00 [INF]   Order ID: ORD-00033
2025-04-30 21:25:35.877 +04:00 [INF]   Source File: order22_MultipleOrders.json
2025-04-30 21:25:35.878 +04:00 [INF]   Total Amount: 22.20 AED
2025-04-30 21:25:35.880 +04:00 [INF]   Items: 2
2025-04-30 21:25:35.881 +04:00 [INF]     * 1 × Margherita
2025-04-30 21:25:35.882 +04:00 [INF]     * 1 × Pepperoni
2025-04-30 21:25:35.887 +04:00 [INF]   Delivery Time: 2025-05-01 10:40:00
2025-04-30 21:25:35.888 +04:00 [INF] --------------------------------------------------------------
2025-04-30 21:25:35.890 +04:00 [INF] 
2025-04-30 21:25:35.892 +04:00 [INF] ==============================================================
2025-04-30 21:25:35.892 +04:00 [INF] INVALID ORDERS (34)
2025-04-30 21:25:35.894 +04:00 [INF] ==============================================================
2025-04-30 21:25:35.896 +04:00 [INF]   Order ID: ORD-00001 (Source: order01_oldOrder.json)
2025-04-30 21:25:35.899 +04:00 [INF]   Validation Errors:
2025-04-30 21:25:35.903 +04:00 [INF]     * DeliverAt: Delivery time (2024-10-27T11:30:00.0000000Z) must be at least 40 minutes from current time (2025-04-30T17:25:35.3615257+00:00). Earliest allowed: 2025-04-30T18:05:35.3615257+00:00.
2025-04-30 21:25:35.903 +04:00 [INF] --------------------------------------------------------------
2025-04-30 21:25:35.903 +04:00 [INF]   Order ID: ORD-00002 (Source: order02_invalid_address.json)
2025-04-30 21:25:35.905 +04:00 [INF]   Validation Errors:
2025-04-30 21:25:35.905 +04:00 [INF]     * DeliverAt: Delivery time (2024-10-27T11:15:00.0000000Z) must be at least 35 minutes from current time (2025-04-30T17:25:35.4104500+00:00). Earliest allowed: 2025-04-30T18:00:35.4104500+00:00.
2025-04-30 21:25:35.905 +04:00 [INF] --------------------------------------------------------------
2025-04-30 21:25:35.905 +04:00 [INF]   Order ID: ORD-00003 (Source: order03_inconsistent.json)
2025-04-30 21:25:35.907 +04:00 [INF]   Validation Errors:
2025-04-30 21:25:35.907 +04:00 [INF]     * Inconsistent order data: Order ORD-00003: Inconsistent DeliverAt times for product PRD-10001 (10/27/2024 11:00:00 AM) vs product PRD-10003 (10/27/2024 11:30:00 AM).
2025-04-30 21:25:35.907 +04:00 [INF] --------------------------------------------------------------
2025-04-30 21:25:35.907 +04:00 [INF]   Order ID: ORD-00004 (Source: order04_invalid_quantity.json)
2025-04-30 21:25:35.908 +04:00 [INF]   Validation Errors:
2025-04-30 21:25:35.908 +04:00 [INF]     * Invalid items: Line item for ProductId 'PRD-10004' has a quantity of (0) for Order ORD-00004.
2025-04-30 21:25:35.908 +04:00 [INF] --------------------------------------------------------------
2025-04-30 21:25:35.908 +04:00 [INF]   Order ID: ORD-00005 (Source: order05_invalid_date.json)
2025-04-30 21:25:35.909 +04:00 [INF]   Validation Errors:
2025-04-30 21:25:35.910 +04:00 [INF]     * CustomerAddress: Customer address format is invalid.
2025-04-30 21:25:35.910 +04:00 [INF]     * DeliverAt: Delivery time (2024-10-27T09:30:00.0000000Z) must be after or the same as creation time (2024-10-27T10:20:00.0000000Z).
2025-04-30 21:25:35.910 +04:00 [INF]     * DeliverAt: Delivery time (2024-10-27T09:30:00.0000000Z) must be at least 35 minutes from current time (2025-04-30T17:25:35.4358162+00:00). Earliest allowed: 2025-04-30T18:00:35.4358162+00:00.
2025-04-30 21:25:35.910 +04:00 [INF] --------------------------------------------------------------
2025-04-30 21:25:35.910 +04:00 [INF]   Order ID: ORD-00006 (Source: order06_product_not_found.json)
2025-04-30 21:25:35.911 +04:00 [INF]   Validation Errors:
2025-04-30 21:25:35.911 +04:00 [INF]     * Invalid items: ProductId 'PRD-99999' not found in Product Catalog for Order ORD-00006.
2025-04-30 21:25:35.911 +04:00 [INF] --------------------------------------------------------------
2025-04-30 21:25:35.911 +04:00 [INF]   Order ID: ORD-00008 (Source: order08_empty_item.json)
2025-04-30 21:25:35.912 +04:00 [INF]   Validation Errors:
2025-04-30 21:25:35.912 +04:00 [INF]     * DeliverAt: Delivery time (2024-10-27T11:40:00.0000000Z) must be at least 35 minutes from current time (2025-04-30T17:25:35.4405558+00:00). Earliest allowed: 2025-04-30T18:00:35.4405558+00:00.
2025-04-30 21:25:35.912 +04:00 [INF] --------------------------------------------------------------
2025-04-30 21:25:35.912 +04:00 [INF]   Order ID: ORD-00009 (Source: order09_min_amount_fail.json)
2025-04-30 21:25:35.913 +04:00 [INF]   Validation Errors:
2025-04-30 21:25:35.913 +04:00 [INF]     * DeliverAt: Delivery time (2024-10-27T11:45:00.0000000Z) must be at least 35 minutes from current time (2025-04-30T17:25:35.4467033+00:00). Earliest allowed: 2025-04-30T18:00:35.4467033+00:00.
2025-04-30 21:25:35.914 +04:00 [INF]     * TotalAmountIncludingVat: Order total (2.97 AED) is below the minimum required amount (10.00 AED).
2025-04-30 21:25:35.914 +04:00 [INF] --------------------------------------------------------------
2025-04-30 21:25:35.914 +04:00 [INF]   Order ID: ORD-00010 (Source: order10_valid_complex.json)
2025-04-30 21:25:35.917 +04:00 [INF]   Validation Errors:
2025-04-30 21:25:35.918 +04:00 [INF]     * DeliverAt: Delivery time (2024-11-01T19:30:00.0000000Z) must be at least 50 minutes from current time (2025-04-30T17:25:35.4570712+00:00). Earliest allowed: 2025-04-30T18:15:35.4570712+00:00.
2025-04-30 21:25:35.918 +04:00 [INF] --------------------------------------------------------------
2025-04-30 21:25:35.918 +04:00 [INF]   Order ID: ORD-00011 (Source: order11_invalid_too_early.json)
2025-04-30 21:25:35.919 +04:00 [INF]   Validation Errors:
2025-04-30 21:25:35.920 +04:00 [INF]     * DeliverAt: Delivery time (07:00:00) is outside operating hours (08:00:00 - 22:00:00).
2025-04-30 21:25:35.920 +04:00 [INF]     * DeliverAt: Delivery time (2024-11-02T07:00:00.0000000Z) must be at least 35 minutes from current time (2025-04-30T17:25:35.4619408+00:00). Earliest allowed: 2025-04-30T18:00:35.4619408+00:00.
2025-04-30 21:25:35.920 +04:00 [INF]     * TotalAmountIncludingVat: Order total (9.89 AED) is below the minimum required amount (10.00 AED).
2025-04-30 21:25:35.920 +04:00 [INF] --------------------------------------------------------------
2025-04-30 21:25:35.920 +04:00 [INF]   Order ID: ORD-00012 (Source: order12_invalid_too_late.json)
2025-04-30 21:25:35.922 +04:00 [INF]   Validation Errors:
2025-04-30 21:25:35.922 +04:00 [INF]     * CustomerAddress: Customer address format is invalid.
2025-04-30 21:25:35.922 +04:00 [INF]     * DeliverAt: Delivery time (2024-11-02T23:00:00.0000000Z) must be at least 35 minutes from current time (2025-04-30T17:25:35.4637702+00:00). Earliest allowed: 2025-04-30T18:00:35.4637702+00:00.
2025-04-30 21:25:35.922 +04:00 [INF]     * DeliverAt: Delivery time (23:00:00) is outside operating hours (08:00:00 - 22:00:00).
2025-04-30 21:25:35.922 +04:00 [INF]     * TotalAmountIncludingVat: Order total (2.09 AED) is below the minimum required amount (10.00 AED).
2025-04-30 21:25:35.922 +04:00 [INF] --------------------------------------------------------------
2025-04-30 21:25:35.922 +04:00 [INF]   Order ID: ORD-00013 (Source: order13_invalid_prep_time.json)
2025-04-30 21:25:35.923 +04:00 [INF]   Validation Errors:
2025-04-30 21:25:35.924 +04:00 [INF]     * CustomerAddress: Customer address format is invalid.
2025-04-30 21:25:35.924 +04:00 [INF]     * DeliverAt: Delivery time (2024-11-03T14:30:00.0000000Z) must be at least 40 minutes from current time (2025-04-30T17:25:35.4658471+00:00). Earliest allowed: 2025-04-30T18:05:35.4658471+00:00.
2025-04-30 21:25:35.924 +04:00 [INF] --------------------------------------------------------------
2025-04-30 21:25:35.924 +04:00 [INF]   Order ID: ORD-00014 (Source: order14_invalid_max_advance.json)
2025-04-30 21:25:35.925 +04:00 [INF]   Validation Errors:
2025-04-30 21:25:35.925 +04:00 [INF]     * CustomerAddress: Customer address format is invalid.
2025-04-30 21:25:35.925 +04:00 [INF]     * DeliverAt: Delivery time (2024-11-14T12:00:00.0000000Z) must be at least 35 minutes from current time (2025-04-30T17:25:35.4681633+00:00). Earliest allowed: 2025-04-30T18:00:35.4681633+00:00.
2025-04-30 21:25:35.925 +04:00 [INF] --------------------------------------------------------------
2025-04-30 21:25:35.925 +04:00 [INF]   Order ID: ORD-00015 (Source: order15_invalid_qty_limit.json)
2025-04-30 21:25:35.926 +04:00 [INF]   Validation Errors:
2025-04-30 21:25:35.927 +04:00 [INF]     * CustomerAddress: Customer address format is invalid.
2025-04-30 21:25:35.927 +04:00 [INF]     * DeliverAt: Delivery time (2024-11-05T12:00:00.0000000Z) must be at least 35 minutes from current time (2025-04-30T17:25:35.4740567+00:00). Earliest allowed: 2025-04-30T18:00:35.4740567+00:00.
2025-04-30 21:25:35.927 +04:00 [INF]     * Items[0].Quantity: Quantity must be at most 100.
2025-04-30 21:25:35.927 +04:00 [INF] --------------------------------------------------------------
2025-04-30 21:25:35.927 +04:00 [INF]   Order ID: ORD-00016 (Source: order16_valid_edge_qty.json)
2025-04-30 21:25:35.928 +04:00 [INF]   Validation Errors:
2025-04-30 21:25:35.928 +04:00 [INF]     * CustomerAddress: Customer address format is invalid.
2025-04-30 21:25:35.928 +04:00 [INF]     * DeliverAt: Delivery time (2024-11-06T14:00:00.0000000Z) must be at least 35 minutes from current time (2025-04-30T17:25:35.4759900+00:00). Earliest allowed: 2025-04-30T18:00:35.4759900+00:00.
2025-04-30 21:25:35.928 +04:00 [INF] --------------------------------------------------------------
2025-04-30 21:25:35.928 +04:00 [INF]   Order ID: ORD-00017 (Source: order17_missing_req_field.json)
2025-04-30 21:25:35.929 +04:00 [INF]   Validation Errors:
2025-04-30 21:25:35.929 +04:00 [INF]     * Invalid items: Line item for ProductId 'PRD-10002' has a quantity of (0) for Order ORD-00017.
2025-04-30 21:25:35.929 +04:00 [INF] --------------------------------------------------------------
2025-04-30 21:25:35.929 +04:00 [INF]   Order ID: ORD-00018 (Source: order18_invalid_addr_format2.json)
2025-04-30 21:25:35.936 +04:00 [INF]   Validation Errors:
2025-04-30 21:25:35.937 +04:00 [INF]     * CustomerAddress: Customer address format is invalid.
2025-04-30 21:25:35.937 +04:00 [INF]     * DeliverAt: Delivery time (2024-11-08T10:30:00.0000000Z) must be at least 35 minutes from current time (2025-04-30T17:25:35.4796850+00:00). Earliest allowed: 2025-04-30T18:00:35.4796850+00:00.
2025-04-30 21:25:35.937 +04:00 [INF]     * TotalAmountIncludingVat: Order total (2.09 AED) is below the minimum required amount (10.00 AED).
2025-04-30 21:25:35.937 +04:00 [INF] --------------------------------------------------------------
2025-04-30 21:25:35.937 +04:00 [INF]   Order ID: ORD-00019 (Source: order19_null_field_value.json)
2025-04-30 21:25:35.940 +04:00 [INF]   Validation Errors:
2025-04-30 21:25:35.940 +04:00 [INF]     * CustomerAddress: Customer address format is invalid.
2025-04-30 21:25:35.941 +04:00 [INF]     * CustomerAddress: Customer address is required.
2025-04-30 21:25:35.941 +04:00 [INF]     * DeliverAt: Delivery time (2024-11-09T13:00:00.0000000Z) must be at least 35 minutes from current time (2025-04-30T17:25:35.4816108+00:00). Earliest allowed: 2025-04-30T18:00:35.4816108+00:00.
2025-04-30 21:25:35.941 +04:00 [INF]     * TotalAmountIncludingVat: Order total (9.89 AED) is below the minimum required amount (10.00 AED).
2025-04-30 21:25:35.941 +04:00 [INF] --------------------------------------------------------------
2025-04-30 21:25:35.941 +04:00 [INF]   Order ID: ORD-00020 (Source: order20_valid_vat_fallback.json)
2025-04-30 21:25:35.942 +04:00 [INF]   Validation Errors:
2025-04-30 21:25:35.942 +04:00 [INF]     * DeliverAt: Delivery time (2024-11-10T17:00:00.0000000Z) must be at least 40 minutes from current time (2025-04-30T17:25:35.4843836+00:00). Earliest allowed: 2025-04-30T18:05:35.4843836+00:00.
2025-04-30 21:25:35.942 +04:00 [INF]     * TotalAmountIncludingVat: Order total (3.08 AED) is below the minimum required amount (10.00 AED).
2025-04-30 21:25:35.943 +04:00 [INF] --------------------------------------------------------------
2025-04-30 21:25:35.943 +04:00 [INF]   Order ID: ORD-00021 (Source: order21_valid.json)
2025-04-30 21:25:35.944 +04:00 [INF]   Validation Errors:
2025-04-30 21:25:35.944 +04:00 [INF]     * DeliverAt: Delivery time (2025-04-30T16:30:00.0000000Z) must be at least 40 minutes from current time (2025-04-30T17:25:35.4869697+00:00). Earliest allowed: 2025-04-30T18:05:35.4869697+00:00.
2025-04-30 21:25:35.944 +04:00 [INF] --------------------------------------------------------------
2025-04-30 21:25:35.944 +04:00 [INF]   Order ID: ORD-00023 (Source: order22_MultipleOrders.json)
2025-04-30 21:25:35.948 +04:00 [INF]   Validation Errors:
2025-04-30 21:25:35.949 +04:00 [INF]     * TotalAmountIncludingVat: Order total (9.89 AED) is below the minimum required amount (10.00 AED).
2025-04-30 21:25:35.949 +04:00 [INF] --------------------------------------------------------------
2025-04-30 21:25:35.949 +04:00 [INF]   Order ID: ORD-00026 (Source: order22_MultipleOrders.json)
2025-04-30 21:25:35.951 +04:00 [INF]   Validation Errors:
2025-04-30 21:25:35.951 +04:00 [INF]     * Invalid items: Line item for ProductId 'PRD-10002' has a quantity of (0) for Order ORD-00026.
2025-04-30 21:25:35.951 +04:00 [INF] --------------------------------------------------------------
2025-04-30 21:25:35.951 +04:00 [INF]   Order ID: ORD-00027 (Source: order22_MultipleOrders.json)
2025-04-30 21:25:35.955 +04:00 [INF]   Validation Errors:
2025-04-30 21:25:35.955 +04:00 [INF]     * Invalid items: ProductId 'PRD-99999' not found in Product Catalog for Order ORD-00027.
2025-04-30 21:25:35.955 +04:00 [INF] --------------------------------------------------------------
2025-04-30 21:25:35.955 +04:00 [INF]   Order ID: ORD-00028 (Source: order22_MultipleOrders.json)
2025-04-30 21:25:35.957 +04:00 [INF]   Validation Errors:
2025-04-30 21:25:35.958 +04:00 [INF]     * Items[0].Quantity: Quantity must be at most 100.
2025-04-30 21:25:35.958 +04:00 [INF] --------------------------------------------------------------
2025-04-30 21:25:35.958 +04:00 [INF]   Order ID: ORD-00030 (Source: order22_MultipleOrders.json)
2025-04-30 21:25:35.959 +04:00 [INF]   Validation Errors:
2025-04-30 21:25:35.959 +04:00 [INF]     * TotalAmountIncludingVat: Order total (2.09 AED) is below the minimum required amount (10.00 AED).
2025-04-30 21:25:35.959 +04:00 [INF] --------------------------------------------------------------
2025-04-30 21:25:35.960 +04:00 [INF]   Order ID: ORD-00031 (Source: order22_MultipleOrders.json)
2025-04-30 21:25:35.961 +04:00 [INF]   Validation Errors:
2025-04-30 21:25:35.961 +04:00 [INF]     * TotalAmountIncludingVat: Order total (9.89 AED) is below the minimum required amount (10.00 AED).
2025-04-30 21:25:35.961 +04:00 [INF] --------------------------------------------------------------
2025-04-30 21:25:35.961 +04:00 [INF]   Order ID: ORD-00032 (Source: order22_MultipleOrders.json)
2025-04-30 21:25:35.966 +04:00 [INF]   Validation Errors:
2025-04-30 21:25:35.966 +04:00 [INF]     * TotalAmountIncludingVat: Order total (9.89 AED) is below the minimum required amount (10.00 AED).
2025-04-30 21:25:35.966 +04:00 [INF] --------------------------------------------------------------
2025-04-30 21:25:35.966 +04:00 [INF]   Order ID: ORD-00034 (Source: order22_MultipleOrders.json)
2025-04-30 21:25:35.969 +04:00 [INF]   Validation Errors:
2025-04-30 21:25:35.969 +04:00 [INF]     * TotalAmountIncludingVat: Order total (9.89 AED) is below the minimum required amount (10.00 AED).
2025-04-30 21:25:35.969 +04:00 [INF] --------------------------------------------------------------
2025-04-30 21:25:35.969 +04:00 [INF]   Order ID: ORD-00035 (Source: order22_MultipleOrders.json)
2025-04-30 21:25:35.973 +04:00 [INF]   Validation Errors:
2025-04-30 21:25:35.973 +04:00 [INF]     * CustomerAddress: Customer address format is invalid.
2025-04-30 21:25:35.973 +04:00 [INF]     * CustomerAddress: Customer address is required.
2025-04-30 21:25:35.973 +04:00 [INF]     * TotalAmountIncludingVat: Order total (9.89 AED) is below the minimum required amount (10.00 AED).
2025-04-30 21:25:35.973 +04:00 [INF] --------------------------------------------------------------
2025-04-30 21:25:35.973 +04:00 [INF]   Order ID: ORD-00040 (Source: order21_valid.json)
2025-04-30 21:25:35.975 +04:00 [INF]   Validation Errors:
2025-04-30 21:25:35.975 +04:00 [INF]     * DeliverAt: Delivery time (2025-04-30T16:30:00.0000000Z) must be at least 40 minutes from current time (2025-04-30T17:25:35.4917071+00:00). Earliest allowed: 2025-04-30T18:05:35.4917071+00:00.
2025-04-30 21:25:35.975 +04:00 [INF] --------------------------------------------------------------
2025-04-30 21:25:35.975 +04:00 [INF]   Order ID: ORD-00041 (Source: order21_valid.json)
2025-04-30 21:25:35.977 +04:00 [INF]   Validation Errors:
2025-04-30 21:25:35.977 +04:00 [INF]     * DeliverAt: Delivery time (2025-04-30T16:45:00.0000000Z) must be at least 40 minutes from current time (2025-04-30T17:25:35.4935867+00:00). Earliest allowed: 2025-04-30T18:05:35.4935867+00:00.
2025-04-30 21:25:35.977 +04:00 [INF] --------------------------------------------------------------
2025-04-30 21:25:35.977 +04:00 [INF]   Order ID: ORD-00042 (Source: order21_valid.json)
2025-04-30 21:25:35.981 +04:00 [INF]   Validation Errors:
2025-04-30 21:25:35.981 +04:00 [INF]     * DeliverAt: Delivery time (2025-04-30T16:45:00.0000000Z) must be at least 40 minutes from current time (2025-04-30T17:25:35.4953647+00:00). Earliest allowed: 2025-04-30T18:05:35.4953647+00:00.
2025-04-30 21:25:35.981 +04:00 [INF] --------------------------------------------------------------
2025-04-30 21:25:35.981 +04:00 [INF]   Order ID: ORD-00043 (Source: order21_valid.json)
2025-04-30 21:25:35.983 +04:00 [INF]   Validation Errors:
2025-04-30 21:25:35.984 +04:00 [INF]     * DeliverAt: Delivery time (2025-04-30T17:00:00.0000000Z) must be at least 40 minutes from current time (2025-04-30T17:25:35.4970142+00:00). Earliest allowed: 2025-04-30T18:05:35.4970142+00:00.
2025-04-30 21:25:35.984 +04:00 [INF] --------------------------------------------------------------
2025-04-30 21:25:35.984 +04:00 [INF]   Order ID: ORD-00044 (Source: order21_valid.json)
2025-04-30 21:25:35.986 +04:00 [INF]   Validation Errors:
2025-04-30 21:25:35.992 +04:00 [INF]     * DeliverAt: Delivery time (2025-04-30T17:00:00.0000000Z) must be at least 40 minutes from current time (2025-04-30T17:25:35.4985347+00:00). Earliest allowed: 2025-04-30T18:05:35.4985347+00:00.
2025-04-30 21:25:35.993 +04:00 [INF] --------------------------------------------------------------
2025-04-30 21:25:35.993 +04:00 [INF] 
2025-04-30 21:25:35.994 +04:00 [INF]   Check logs for validation failures
2025-04-30 21:25:35.997 +04:00 [INF] 
2025-04-30 21:25:36.002 +04:00 [INF] ==============================================================
2025-04-30 21:25:36.011 +04:00 [INF] REQUIRED INGREDIENTS
2025-04-30 21:25:36.013 +04:00 [INF] ==============================================================
2025-04-30 21:25:36.043 +04:00 [INF]   Dough       :     175.00 grams
2025-04-30 21:25:36.061 +04:00 [INF]   Mozzarella  :     105.00 grams
2025-04-30 21:25:36.064 +04:00 [INF]   Mushrooms   :      18.50 grams
2025-04-30 21:25:36.076 +04:00 [INF]   Pepperoni   :      60.00 grams
2025-04-30 21:25:36.082 +04:00 [INF]   Peppers     :      16.50 grams
2025-04-30 21:25:36.084 +04:00 [INF]   Tomato Sauce:      90.00 grams
2025-04-30 21:25:36.087 +04:00 [INF]   Water       :   1,000.00 grams
2025-04-30 21:25:36.091 +04:00 [INF] --------------------------------------------------------------
2025-04-30 21:25:36.093 +04:00 [INF] 
2025-04-30 21:25:36.095 +04:00 [INF] NOTE: 4 line item(s) were skipped during file parsing.
2025-04-30 21:25:36.097 +04:00 [INF]       Check logs for details on skipped items.
2025-04-30 21:25:36.098 +04:00 [INF] 
2025-04-30 21:25:36.101 +04:00 [INF] ==============================================================
2025-04-30 21:25:36.103 +04:00 [INF] END OF SUMMARY
2025-04-30 21:25:36.108 +04:00 [INF] ==============================================================
2025-04-30 21:25:41.119 +04:00 [INF] Application run completed.
